﻿# Host: 127.0.0.1  (Version: 5.6.12-log)
# Date: 2015-06-08 17:46:37
# Generator: MySQL-Front 5.3  (Build 1.27)

/*!40101 SET @OLD_CHARACTER_SET_CLIENT=@@CHARACTER_SET_CLIENT */;
/*!40101 SET @OLD_CHARACTER_SET_RESULTS=@@CHARACTER_SET_RESULTS */;
/*!40101 SET @OLD_COLLATION_CONNECTION=@@COLLATION_CONNECTION */;
/*!40101 SET NAMES utf8 */;
/*!40101 SET @OLD_SQL_MODE=@@SQL_MODE */;
/*!40101 SET SQL_MODE='NO_ENGINE_SUBSTITUTION' */;
/*!40111 SET @OLD_SQL_NOTES=@@SQL_NOTES */;
/*!40103 SET SQL_NOTES='ON' */;
/*!40014 SET @OLD_UNIQUE_CHECKS=@@UNIQUE_CHECKS */;
/*!40014 SET UNIQUE_CHECKS=0 */;
/*!40014 SET @OLD_FOREIGN_KEY_CHECKS=@@FOREIGN_KEY_CHECKS */;
/*!40014 SET FOREIGN_KEY_CHECKS=0 */;

#
# Source for table "think_contact"
#

DROP TABLE IF EXISTS `think_contact`;
CREATE TABLE `think_contact` (
  `id` int(11) NOT NULL AUTO_INCREMENT,
  `name` varchar(20) NOT NULL DEFAULT '' COMMENT '姓名',
  `letter` varchar(50) NOT NULL DEFAULT '' COMMENT '拼音',
  `company` varchar(30) NOT NULL DEFAULT '' COMMENT '公司',
  `dept` varchar(20) NOT NULL DEFAULT '' COMMENT '部门',
  `position` varchar(20) NOT NULL DEFAULT '' COMMENT '职位',
  `email` varchar(255) NOT NULL DEFAULT '' COMMENT '邮件',
  `office_tel` varchar(20) NOT NULL DEFAULT '' COMMENT '办公电话',
  `mobile_tel` varchar(20) NOT NULL DEFAULT '' COMMENT '移动电话',
  `website` varchar(50) NOT NULL DEFAULT '' COMMENT '网站',
  `im` varchar(20) NOT NULL DEFAULT '' COMMENT '即时通讯',
  `address` varchar(50) NOT NULL DEFAULT '' COMMENT '地址',
  `user_id` int(11) NOT NULL DEFAULT '0' COMMENT '用户ID',
  `remark` text COMMENT '备注',
  `is_del` tinyint(3) NOT NULL DEFAULT '0' COMMENT '删除标记',
  PRIMARY KEY (`id`)
) ENGINE=InnoDB AUTO_INCREMENT=4 DEFAULT CHARSET=utf8 COMMENT='think_user_info';

#
# Data for table "think_contact"
#


#
# Source for table "think_customer"
#

DROP TABLE IF EXISTS `think_customer`;
CREATE TABLE `think_customer` (
  `id` int(11) NOT NULL AUTO_INCREMENT,
  `name` varchar(20) NOT NULL DEFAULT '' COMMENT '名称',
  `letter` varchar(50) NOT NULL DEFAULT '' COMMENT '拼音',
  `biz_license` varchar(30) NOT NULL DEFAULT '' COMMENT '营业许可',
  `short` varchar(20) NOT NULL DEFAULT '' COMMENT '简称',
  `contact` varchar(20) NOT NULL DEFAULT '' COMMENT '联系人姓名',
  `email` varchar(255) NOT NULL DEFAULT '' COMMENT '邮件地址',
  `office_tel` varchar(20) NOT NULL DEFAULT '' COMMENT '办公电话',
  `mobile_tel` varchar(20) NOT NULL DEFAULT '' COMMENT '移动电话',
  `fax` varchar(20) NOT NULL DEFAULT '' COMMENT '传真',
  `salesman` varchar(50) NOT NULL DEFAULT '' COMMENT '业务员',
  `im` varchar(20) NOT NULL DEFAULT '' COMMENT '即时通讯',
  `address` varchar(50) NOT NULL DEFAULT '' COMMENT '地址',
  `user_id` int(11) NOT NULL DEFAULT '0' COMMENT '用户ID',
  `remark` text COMMENT '备注',
  `is_del` tinyint(3) NOT NULL DEFAULT '0' COMMENT '删除标记',
  `payment` varchar(255) DEFAULT NULL,
  PRIMARY KEY (`id`)
) ENGINE=InnoDB AUTO_INCREMENT=36 DEFAULT CHARSET=utf8;

#
# Data for table "think_customer"
#


#
# Source for table "think_dept"
#

DROP TABLE IF EXISTS `think_dept`;
CREATE TABLE `think_dept` (
  `id` int(11) NOT NULL AUTO_INCREMENT,
  `pid` int(11) NOT NULL DEFAULT '0' COMMENT '父级ID',
  `dept_no` varchar(20) NOT NULL DEFAULT '' COMMENT '部门编号',
  `dept_grade_id` int(11) NOT NULL DEFAULT '0' COMMENT '部门等级ID',
  `name` varchar(50) NOT NULL DEFAULT '' COMMENT '名称',
  `short` varchar(20) NOT NULL DEFAULT '' COMMENT '简称',
  `sort` varchar(20) NOT NULL DEFAULT '' COMMENT '排序',
  `remark` varchar(255) NOT NULL DEFAULT '' COMMENT '备注',
  `is_del` tinyint(3) NOT NULL DEFAULT '0' COMMENT '删除标记',
  PRIMARY KEY (`id`)
) ENGINE=InnoDB AUTO_INCREMENT=27 DEFAULT CHARSET=utf8;

#
# Data for table "think_dept"
#

INSERT INTO `think_dept` VALUES (1,0,'A2',18,'小微企业','小微','','',0),(2,1,'YYB',18,'运营部','运营','5','',0),(3,1,'XXB',18,'IT部','IT','4','',0),(5,1,'ZJB',18,'总经办','总经','1','',0),(6,1,'GLB',18,'管理部','管理','2','',0),(7,1,'XSB',18,'销售部','销售','3','',0),(8,1,'CWB',18,'财务部','财务','2','',0),(21,1,'XSB',18,'采购部','采购','3','',0),(23,6,'HR',16,'人事科','人事','','',0),(24,6,'ZWK',16,'总务科','总务','','',0),(25,8,'KJK',16,'会计科','会计','','',0),(26,8,'JRK',16,'金融科','金融','','',0);

#
# Source for table "think_dept_grade"
#

DROP TABLE IF EXISTS `think_dept_grade`;
CREATE TABLE `think_dept_grade` (
  `id` int(11) NOT NULL AUTO_INCREMENT,
  `grade_no` varchar(10) NOT NULL DEFAULT '' COMMENT '部门级别编码',
  `name` varchar(50) NOT NULL DEFAULT '' COMMENT '名称',
  `sort` varchar(10) NOT NULL DEFAULT '' COMMENT '排序',
  `is_del` tinyint(3) NOT NULL DEFAULT '0' COMMENT '删除标记',
  PRIMARY KEY (`id`)
) ENGINE=InnoDB AUTO_INCREMENT=19 DEFAULT CHARSET=utf8;

#
# Data for table "think_dept_grade"
#

INSERT INTO `think_dept_grade` VALUES (16,'DG1','科','1',0),(18,'DG2','部','2',0);

#
# Source for table "think_doc"
#

DROP TABLE IF EXISTS `think_doc`;
CREATE TABLE `think_doc` (
  `id` smallint(4) unsigned NOT NULL AUTO_INCREMENT,
  `doc_no` varchar(20) NOT NULL DEFAULT '' COMMENT '文档编号',
  `name` varchar(50) NOT NULL DEFAULT '' COMMENT '名称',
  `content` text NOT NULL COMMENT '内容',
  `folder` int(11) NOT NULL DEFAULT '0' COMMENT '文件夹',
  `add_file` varchar(200) NOT NULL DEFAULT '' COMMENT '附件',
  `user_id` int(11) NOT NULL DEFAULT '0' COMMENT '用户ID',
  `user_name` varchar(20) NOT NULL DEFAULT '' COMMENT '用户名称',
  `create_time` int(11) unsigned NOT NULL DEFAULT '0' COMMENT '创建时间',
  `update_time` int(11) unsigned NOT NULL DEFAULT '0' COMMENT '更新时间',
  `is_del` tinyint(3) NOT NULL DEFAULT '0' COMMENT '删除标记',
  PRIMARY KEY (`id`)
) ENGINE=InnoDB AUTO_INCREMENT=94 DEFAULT CHARSET=utf8;

#
# Data for table "think_doc"
#

INSERT INTO `think_doc` VALUES (85,'2014-0001','人事规定','人事规定',48,'64dd83526bc113639b405d9317ebc2f4;8b2f6f392af9bb2eac66ce4f3532378b;',1,'管理员',1408968417,1421878712,1),(86,'2014-0002','信息安全管理规定','sssssssssssssssssss',49,'4bd485b02a2b6780f86614b48518da06;',1,'管理员',1415241072,1421878759,0),(87,'2015-0001','办公用品采购合同','办公用品采购合同',50,'',1,'管理员',1421878820,0,0),(88,'2015-0002','打印机租赁合同','打印机租赁合同',49,'',1,'管理员',1421878839,0,1),(89,'2015-0003','小微OA系统实施合同','小微OA系统实施合同',49,'',1,'管理员',1421878860,0,1),(92,'2015-0006','员工信息','员工信息',69,'',1,'管理员',1431486506,0,0),(93,'2015-0007','调薪相关文档','与全体员工一起分享调薪相关文档',69,'MDAwMDAwMDAwMIWnd3M;',1,'管理员',1431496031,1433382292,0);

#
# Source for table "think_duty"
#

DROP TABLE IF EXISTS `think_duty`;
CREATE TABLE `think_duty` (
  `id` smallint(3) NOT NULL AUTO_INCREMENT,
  `duty_no` varchar(20) NOT NULL DEFAULT '' COMMENT '职责编号',
  `name` varchar(50) NOT NULL DEFAULT '' COMMENT '名称',
  `sort` varchar(20) NOT NULL DEFAULT '' COMMENT '排序',
  `is_del` tinyint(3) NOT NULL DEFAULT '0' COMMENT '删除标记',
  `remark` varchar(255) NOT NULL DEFAULT '' COMMENT '备注',
  PRIMARY KEY (`id`)
) ENGINE=InnoDB AUTO_INCREMENT=21 DEFAULT CHARSET=utf8;

#
# Data for table "think_duty"
#

INSERT INTO `think_duty` VALUES (14,'P001','普通员工','',0,''),(15,'S001','财务','',0,''),(16,'W001','人事','',0,'');

#
# Source for table "think_file"
#

DROP TABLE IF EXISTS `think_file`;
CREATE TABLE `think_file` (
  `id` int(10) unsigned NOT NULL AUTO_INCREMENT COMMENT '文件ID',
  `name` char(30) NOT NULL DEFAULT '' COMMENT '原始文件名',
  `savename` char(20) NOT NULL DEFAULT '' COMMENT '保存名称',
  `savepath` char(30) NOT NULL DEFAULT '' COMMENT '文件保存路径',
  `ext` char(5) NOT NULL DEFAULT '' COMMENT '文件后缀',
  `mime` char(40) NOT NULL DEFAULT '' COMMENT '文件mime类型',
  `size` int(10) unsigned NOT NULL DEFAULT '0' COMMENT '文件大小',
  `md5` char(32) NOT NULL DEFAULT '' COMMENT '文件md5',
  `sha1` char(40) NOT NULL DEFAULT '' COMMENT '文件 sha1编码',
  `location` tinyint(3) unsigned NOT NULL DEFAULT '0' COMMENT '文件保存位置',
  `url` varchar(255) NOT NULL DEFAULT '' COMMENT '远程地址',
  `create_time` int(10) unsigned NOT NULL DEFAULT '0' COMMENT '上传时间',
  PRIMARY KEY (`id`)
) ENGINE=InnoDB AUTO_INCREMENT=81 DEFAULT CHARSET=utf8 COMMENT='文件表';

#
# Data for table "think_file"
#


#
# Source for table "think_finance"
#

DROP TABLE IF EXISTS `think_finance`;
CREATE TABLE `think_finance` (
  `id` int(11) NOT NULL AUTO_INCREMENT,
  `doc_no` varchar(10) DEFAULT NULL COMMENT '单据编号',
  `remark` varchar(255) DEFAULT NULL,
  `input_date` date DEFAULT NULL COMMENT '录入日期',
  `account_id` int(11) DEFAULT NULL COMMENT '帐号ID',
  `account_name` varchar(20) DEFAULT NULL COMMENT '帐号名',
  `income` int(11) DEFAULT NULL COMMENT '收入',
  `payment` int(11) DEFAULT NULL COMMENT '支出',
  `amount` int(11) DEFAULT NULL COMMENT '合计',
  `type` varchar(20) DEFAULT NULL COMMENT '类型',
  `partner` varchar(50) DEFAULT NULL COMMENT '来往处',
  `actor_name` varchar(10) DEFAULT NULL COMMENT '经办人',
  `user_id` int(11) DEFAULT NULL COMMENT '登陆人',
  `user_name` varchar(10) DEFAULT NULL COMMENT '登录名',
  `create_time` int(11) DEFAULT NULL COMMENT '创建日期',
  `update_time` int(11) DEFAULT NULL COMMENT '更新日期',
  `add_file` varchar(255) DEFAULT NULL COMMENT '附件',
  `doc_type` tinyint(3) DEFAULT NULL COMMENT '类型',
  `is_del` tinyint(3) DEFAULT '0' COMMENT '删除标记',
  `related_account_id` int(11) DEFAULT NULL COMMENT '相关帐号ID',
  `related_account_name` varchar(20) DEFAULT NULL COMMENT '相关帐号名称',
  PRIMARY KEY (`id`)
) ENGINE=InnoDB AUTO_INCREMENT=34 DEFAULT CHARSET=utf8;

#
# Data for table "think_finance"
#


#
# Source for table "think_finance_account"
#

DROP TABLE IF EXISTS `think_finance_account`;
CREATE TABLE `think_finance_account` (
  `id` int(11) NOT NULL AUTO_INCREMENT,
  `name` varchar(20) DEFAULT NULL COMMENT '帐号名称',
  `bank` varchar(20) DEFAULT NULL COMMENT '银行',
  `no` varchar(50) DEFAULT NULL COMMENT '银行帐号',
  `init` int(11) DEFAULT NULL COMMENT '初始帐号',
  `balance` int(11) DEFAULT NULL COMMENT '余额',
  `remark` varchar(200) DEFAULT NULL COMMENT '备注',
  `is_del` tinyint(3) DEFAULT '0' COMMENT '删除标记',
  `create_time` int(11) DEFAULT NULL COMMENT '创建时间',
  `update_time` int(11) DEFAULT NULL COMMENT '更新时间',
  PRIMARY KEY (`id`)
) ENGINE=InnoDB AUTO_INCREMENT=8 DEFAULT CHARSET=utf8;

#
# Data for table "think_finance_account"
#

INSERT INTO `think_finance_account` VALUES (5,'农行','农行','1688',1000,NULL,'农行',0,1422690709,NULL),(6,'招商','招商','1188',1000,NULL,'招商',0,1422690709,NULL),(7,'华夏','华夏','8888',1000,NULL,'888',1,1422690709,NULL);

#
# Source for table "think_flow"
#

DROP TABLE IF EXISTS `think_flow`;
CREATE TABLE `think_flow` (
  `id` smallint(4) unsigned NOT NULL AUTO_INCREMENT,
  `doc_no` varchar(20) NOT NULL DEFAULT '' COMMENT '文档编号',
  `name` varchar(50) NOT NULL DEFAULT '' COMMENT '名称',
  `content` text NOT NULL COMMENT '内容',
  `confirm` varchar(200) NOT NULL DEFAULT '' COMMENT '裁决数据',
  `confirm_name` text NOT NULL COMMENT '裁决显示内容',
  `consult` varchar(200) NOT NULL DEFAULT '' COMMENT '协商数据',
  `consult_name` text NOT NULL COMMENT '协商显示内容',
  `refer` varchar(200) NOT NULL DEFAULT '' COMMENT '抄送数据',
  `refer_name` text NOT NULL COMMENT '抄送显示内容',
  `type` varchar(20) NOT NULL DEFAULT '' COMMENT '流程类型',
  `add_file` varchar(200) NOT NULL DEFAULT '' COMMENT '附件',
  `user_id` int(11) NOT NULL DEFAULT '0' COMMENT '用户ID',
  `emp_no` varchar(20) DEFAULT NULL COMMENT '员工编号',
  `user_name` varchar(20) NOT NULL DEFAULT '' COMMENT '用户名称',
  `dept_id` int(11) NOT NULL DEFAULT '0' COMMENT '部门ID',
  `dept_name` varchar(20) NOT NULL DEFAULT '' COMMENT '部门名称',
  `create_date` varchar(10) NOT NULL DEFAULT '' COMMENT '创建日期',
  `create_time` int(11) unsigned NOT NULL DEFAULT '0' COMMENT '创建时间',
  `update_time` int(11) unsigned NOT NULL DEFAULT '0' COMMENT '更新时间',
  `step` int(11) NOT NULL DEFAULT '0' COMMENT '目前阶段状态',
  `is_del` tinyint(3) NOT NULL DEFAULT '0' COMMENT '删除标记',
  `udf_data` text COMMENT '用户自定义数据',
  PRIMARY KEY (`id`)
) ENGINE=InnoDB AUTO_INCREMENT=43 DEFAULT CHARSET=utf8;

#
# Data for table "think_flow"
#

INSERT INTO `think_flow` VALUES (42,'20150312601','22222222222222','好好使用xxxxxxxxxxxxxx ','1002|1001|','\r\n\t\t\t\t\t<span id=\"emp_1002\" data=\"emp_1002\"><nobr><b title=\"李白/副总<>\">李白/副总&lt;&gt;</b></nobr><b><i class=\"fa fa-arrow-right\"></i></b></span><span id=\"emp_1001\" data=\"emp_1001\"><nobr><b title=\"总经理1001/总经理<>\">总经理1001/总经理&lt;&gt;</b></nobr></span>\t\t\t\t','','\r\n\t\t\t\t\t\t\t\t\t','','\r\n\t\t\t\t\t\t\t\t\t','37','',1,'admin','管理员',1,'小微企业','',1433147892,0,40,0,NULL);

#
# Source for table "think_flow_log"
#

DROP TABLE IF EXISTS `think_flow_log`;
CREATE TABLE `think_flow_log` (
  `id` int(11) NOT NULL AUTO_INCREMENT,
  `flow_id` int(11) NOT NULL DEFAULT '0' COMMENT '流程ID',
  `emp_no` varchar(20) NOT NULL DEFAULT '' COMMENT '员工编号',
  `user_id` int(11) DEFAULT NULL COMMENT '用户ID',
  `user_name` varchar(20) DEFAULT '' COMMENT '用户名称',
  `step` int(11) NOT NULL DEFAULT '0' COMMENT '当前步骤',
  `result` int(11) DEFAULT NULL COMMENT '审批结果',
  `create_time` int(11) NOT NULL DEFAULT '0' COMMENT '创建时间',
  `update_time` int(11) NOT NULL DEFAULT '0' COMMENT '更新时间',
  `comment` text COMMENT '意见',
  `is_read` tinyint(3) NOT NULL DEFAULT '0' COMMENT '已读',
  `from` varchar(20) DEFAULT NULL COMMENT '传阅人',
  `is_del` tinyint(3) DEFAULT '0',
  PRIMARY KEY (`id`)
) ENGINE=InnoDB AUTO_INCREMENT=66 DEFAULT CHARSET=utf8;

#
# Data for table "think_flow_log"
#


#
# Source for table "think_flow_type"
#

DROP TABLE IF EXISTS `think_flow_type`;
CREATE TABLE `think_flow_type` (
  `id` smallint(3) unsigned NOT NULL AUTO_INCREMENT,
  `tag` varchar(20) NOT NULL DEFAULT '' COMMENT '分组',
  `doc_no_format` varchar(50) NOT NULL DEFAULT '' COMMENT '文档编码格式',
  `name` varchar(50) NOT NULL DEFAULT '' COMMENT '名称',
  `short` varchar(20) NOT NULL DEFAULT '' COMMENT '简称',
  `content` text NOT NULL COMMENT '内容',
  `confirm` varchar(100) NOT NULL DEFAULT '' COMMENT '裁决数据',
  `confirm_name` text NOT NULL COMMENT '裁决显示内容',
  `consult` varchar(100) NOT NULL DEFAULT '' COMMENT '协商数据',
  `consult_name` text NOT NULL COMMENT '协商显示内容',
  `refer` varchar(100) NOT NULL DEFAULT '' COMMENT '抄送数据',
  `refer_name` text NOT NULL COMMENT '抄送显示内容',
  `create_time` int(11) unsigned NOT NULL DEFAULT '0' COMMENT '创建时间',
  `update_time` int(11) unsigned NOT NULL DEFAULT '0' COMMENT '更新时间',
  `sort` smallint(3) unsigned NOT NULL DEFAULT '0' COMMENT '排序',
  `is_edit` tinyint(3) NOT NULL DEFAULT '0' COMMENT '可编辑标记',
  `is_lock` tinyint(3) NOT NULL DEFAULT '0' COMMENT '锁定标记',
  `is_del` tinyint(3) NOT NULL DEFAULT '0' COMMENT '删除标记',
  `request_duty` int(11) DEFAULT NULL COMMENT '申请权限',
  `report_duty` int(11) DEFAULT NULL COMMENT '报告权限',
  `udf_tpl` varchar(20) DEFAULT NULL,
  `is_show` tinyint(3) DEFAULT NULL,
  PRIMARY KEY (`id`)
) ENGINE=InnoDB AUTO_INCREMENT=56 DEFAULT CHARSET=utf8;

#
# Data for table "think_flow_type"
#

INSERT INTO `think_flow_type` VALUES (19,'72','{YYYY}-{M}-{D}','招待费用报销单','招待','<table border=\"1\">\r\n\t<tbody>\r\n\t\t<tr>\r\n\t\t\t<td>\r\n\t\t\t\t<p>\r\n\t\t\t\t\t姓    名\r\n\t\t\t\t</p>\r\n\t\t\t</td>\r\n\t\t\t<td colspan=\"4\">\r\n\t\t\t\t<p>\r\n\t\t\t\t\t<br />\r\n\t\t\t\t</p>\r\n\t\t\t</td>\r\n\t\t\t<td colspan=\"2\">\r\n\t\t\t\t<p>\r\n\t\t\t\t\t职务\r\n\t\t\t\t</p>\r\n\t\t\t</td>\r\n\t\t\t<td colspan=\"4\">\r\n\t\t\t\t<p>\r\n\t\t\t\t\t<br />\r\n\t\t\t\t</p>\r\n\t\t\t</td>\r\n\t\t\t<td colspan=\"4\" rowspan=\"2\">\r\n\t\t\t\t<p>\r\n\t\t\t\t\t招待事由\r\n\t\t\t\t</p>\r\n\t\t\t</td>\r\n\t\t\t<td colspan=\"9\" rowspan=\"2\">\r\n\t\t\t\t<p>\r\n\t\t\t\t\t<br />\r\n\t\t\t\t</p>\r\n\t\t\t</td>\r\n\t\t\t<td rowspan=\"11\">\r\n\t\t\t\t<p>\r\n\t\t\t\t\t附件\r\n\t\t\t\t</p>\r\n\t\t\t\t<p>\r\n\t\t\t\t\t<br />\r\n\t\t\t\t</p>\r\n\t\t\t\t<p>\r\n\t\t\t\t\t张\r\n\t\t\t\t</p>\r\n\t\t\t</td>\r\n\t\t</tr>\r\n\t\t<tr>\r\n\t\t\t<td>\r\n\t\t\t\t<p>\r\n\t\t\t\t\t部   门\r\n\t\t\t\t</p>\r\n\t\t\t</td>\r\n\t\t\t<td colspan=\"10\">\r\n\t\t\t\t<p>\r\n\t\t\t\t\t<br />\r\n\t\t\t\t</p>\r\n\t\t\t</td>\r\n\t\t</tr>\r\n\t\t<tr>\r\n\t\t\t<td>\r\n\t\t\t\t<p>\r\n\t\t\t\t\t招待对象\r\n\t\t\t\t</p>\r\n\t\t\t</td>\r\n\t\t\t<td colspan=\"2\">\r\n\t\t\t\t<p>\r\n\t\t\t\t\t<br />\r\n\t\t\t\t</p>\r\n\t\t\t</td>\r\n\t\t\t<td colspan=\"5\">\r\n\t\t\t\t<p>\r\n\t\t\t\t\t招待人数\r\n\t\t\t\t</p>\r\n\t\t\t</td>\r\n\t\t\t<td colspan=\"7\">\r\n\t\t\t\t<p>\r\n\t\t\t\t\t客人   人，陪同   人\r\n\t\t\t\t</p>%0','emp_1001|','<span id=\"emp_1001\" data=\"emp_1001\"><nobr><b title=\"尹瑾柱/总经理<>\">尹瑾柱/总经理&lt;&gt;</b></nobr></span>','','','emp_1002|','<span id=\"emp_1002\" data=\"emp_1002\"><nobr><b title=\"崔美花/部长<>\">崔美花/部长&lt;&gt;</b><a title=\"删除\" class=\"del\"><i class=\"fa fa-times\"></i></a></nobr></span>',1391698060,1432191286,1,1,0,0,14,14,NULL,NULL),(33,'69','{YYYY}-{M}-{D}','离职申请单','LZ','<p>\r\n\t<br />\r\n</p>','emp_1001|','<span id=\"emp_1001\" data=\"emp_1001\"><nobr><b title=\"尹瑾柱/总经理<>\">尹瑾柱/总经理&lt;&gt;</b></nobr></span>','','','emp_1002|','<span id=\"emp_1002\" data=\"emp_1002\"><nobr><b title=\"崔美花/部长<>\">崔美花/部长&lt;&gt;</b><a title=\"删除\" class=\"del\"><i class=\"fa fa-times\"></i></a></nobr></span>',1399709992,1432537291,0,0,1,0,14,14,'',NULL),(34,'82','{YYYY}-{M}-{D}','个人请假单','QJ','请假申请样式','emp_1001|','<span id=\"emp_1001\" data=\"emp_1001\"><nobr><b title=\"尹瑾柱/总经理<>\">尹瑾柱/总经理&lt;&gt;</b></nobr></span>','','','emp_1002|','<span id=\"emp_1002\" data=\"emp_1002\"><nobr><b title=\"崔美花/部长<>\">崔美花/部长&lt;&gt;</b><a title=\"删除\" class=\"del\"><i class=\"fa fa-times\"></i></a></nobr></span>',1401288825,1428632816,1,10,1,0,14,14,NULL,NULL),(35,'82','{YYYY}-{M}-{D}','调薪申请单','TX','<p>\r\n\t调薪理由\r\n</p>','emp_1001|','<span id=\"emp_1001\" data=\"emp_1001\"><nobr><b title=\"尹瑾柱/总经理<>\">尹瑾柱/总经理&lt;&gt;</b></nobr></span>','','','emp_1002|','<span id=\"emp_1002\" data=\"emp_1002\"><nobr><b title=\"崔美花/部长<>\">崔美花/部长&lt;&gt;</b><a title=\"删除\" class=\"del\"><i class=\"fa fa-times\"></i></a></nobr></span>',1408251287,1428633864,3,10,0,0,15,14,NULL,NULL),(36,'82','{YYYY}-{M}-{D}','外出申请','WC','<p>\r\n\t外出申请目的：\r\n</p>\r\n<p>\r\n\t外出申请事由：\r\n</p>','emp_1001|','<span id=\"emp_1001\" data=\"emp_1001\"><nobr><b title=\"尹瑾柱/总经理<>\">尹瑾柱/总经理&lt;&gt;</b></nobr></span>','','','emp_1002|','<span id=\"emp_1002\" data=\"emp_1002\"><nobr><b title=\"崔美花/部长<>\">崔美花/部长&lt;&gt;</b><a title=\"删除\" class=\"del\"><i class=\"fa fa-times\"></i></a></nobr></span>',1412777631,1428641269,2,11,0,0,14,14,NULL,NULL),(37,'69','20150312601','系统变更申请','运营维护部','好好使用xxxxxxxxxxxxxx ','emp_1002|emp_1001|','<span id=\"emp_1002\" data=\"emp_1002\"><nobr><b title=\"李白/副总<>\">李白/副总&lt;&gt;</b></nobr><b><i class=\"fa fa-arrow-right\"></i></b></span><span id=\"emp_1001\" data=\"emp_1001\"><nobr><b title=\"总经理1001/总经理<>\">总经理1001/总经理&lt;&gt;</b></nobr></span>','','','','',1426127753,1432707586,0,1,0,0,14,14,'',1),(38,'82','{YYYY}-{M}-{D}','离职申请单','离职','离职','emp_1001|','<span id=\"emp_1001\" data=\"emp_1001\"><nobr><b title=\"尹瑾柱/总经理<>\">尹瑾柱/总经理&lt;&gt;</b></nobr></span>','','','emp_1002|','<span id=\"emp_1002\" data=\"emp_1002\"><nobr><b title=\"崔美花/部长<>\">崔美花/部长&lt;&gt;</b><a title=\"删除\" class=\"del\"><i class=\"fa fa-times\"></i></a></nobr></span>',1427940431,1428633879,4,11,0,0,14,14,NULL,NULL),(39,'71','{YYYY}-{M}-{D}','原材料采购申请单','采购','采购申请单','emp_1001|','<span id=\"emp_1001\" data=\"emp_1001\"><nobr><b title=\"尹瑾柱/总经理<>\">尹瑾柱/总经理&lt;&gt;</b></nobr></span>','','','emp_1002|','<span id=\"emp_1002\" data=\"emp_1002\"><nobr><b title=\"崔美花/部长<>\">崔美花/部长&lt;&gt;</b><a title=\"删除\" class=\"del\"><i class=\"fa fa-times\"></i></a></nobr></span>',1427942142,1430806363,1,1,0,0,14,14,NULL,NULL),(40,'88','{YYYY}-{M}-{D}','个人请假单','个人请假单','巅峰时代','','','','','','',1428649355,1430715743,1,1,0,0,20,17,NULL,NULL),(41,'88','{YYYY}-{M}-{D}','出差申请','差旅','出差申请','','','','','','',1430201444,1430709554,2,1,0,0,20,18,NULL,NULL),(42,'70','{YYYY}-{M}-{D}','办公用品申请','办公用品','办公用品申请','','','','','','',1430202319,1432191240,3,1,0,0,14,14,NULL,NULL),(43,'80','{YYYY}-{M}-{D}','轿车使用申请','轿车','轿车使用申请','','','','','','',1430203160,1432191262,0,1,0,0,14,14,NULL,NULL),(44,'88','{YYYY}-{M}-{D}','离职申请单','离职申请','<p>\r\n\t<br />\r\n</p>','dgp_16_2|dgp_18_8|','<span id=\"dgp_16_2\" data=\"dgp_16_2\"><nobr><b title=\"科-经理\">科-经理</b></nobr><b><i class=\"fa fa-arrow-right\"></i></b></span><span id=\"dgp_18_8\" data=\"dgp_18_8\"><nobr><b title=\"部-部长\">部-部长</b></nobr></span>','emp_2001|','<span id=\"emp_2001\" data=\"emp_2001\"><nobr><b title=\"张三/部长<>\">张三/部长&lt;&gt;</b></nobr></span>','','',1430285006,1430707786,4,1,1,0,20,17,NULL,NULL),(45,'72','{YYYY}-{M}-{D}','差旅费用报销申请','差旅报销','出差费用报销申请','','','','','','',1430286645,1432191277,2,1,0,0,14,14,NULL,NULL),(46,'70','{YYYY}-{M}-{D}','通讯费用报销申请','通讯费报销','通讯费用报销','','','','','','',1430286713,1432191250,4,1,0,0,14,14,NULL,NULL),(47,'70','{YYYY}-{M}-{D}','交通费用报销申请','交通费报销','交通费用报销申请','','','','','','',1430286784,1432191325,5,11,0,0,14,14,NULL,NULL),(48,'70','{YYYY}-{M}-{D}','餐费报销申请','餐费报销','餐费报销申请','','','','','','',1430286877,1432191310,6,1,0,0,14,14,NULL,NULL),(49,'70','{YYYY}-{M}-{D}','会议室使用申请','会议室使用申请','会议室使用申请单','','','','','','',1430286961,1432191227,2,1,0,0,14,14,NULL,NULL),(50,'70','{YYYY}-{M}-{D}','机票预订申请','机票预订申请','机票预订申请','','','','','','',1430287073,1432191212,1,1,0,0,14,14,NULL,NULL),(51,'71','{YYYY}-{M}-{D}','设备采购申请','设备采购','设备采购申请单','','','','','','',1430287359,1430795702,3,1,0,0,14,17,NULL,NULL),(52,'71','{YYYY}-{M}-{D}','辅助材料采购申请单','辅材申请','辅材采购申请单','','','','','','',1430287428,1430804969,2,1,0,0,14,17,NULL,NULL),(53,'71','{YYYY}-{M}-{D}','辅助设备采购申请','设备零件采购申请','辅助设备采购申请','','','','','','',1430287546,1430795115,4,1,0,0,14,17,NULL,NULL),(54,'88','{YYYY}-{M}-{D}','员工培训/教育申请','培训申请','员工培训教育申请','','','','','','',1430288450,1430708546,3,1,0,0,18,17,NULL,NULL),(55,'72','{YYYY}-{M}-{D}','年度预算申请','年度预算申请','年度预算申请','','','','','','',1430289142,1432191269,3,1,0,0,14,14,NULL,NULL);

#
# Source for table "think_form"
#

DROP TABLE IF EXISTS `think_form`;
CREATE TABLE `think_form` (
  `id` smallint(4) unsigned NOT NULL AUTO_INCREMENT,
  `doc_no` varchar(20) NOT NULL DEFAULT '' COMMENT '文档编号',
  `name` varchar(50) NOT NULL DEFAULT '' COMMENT '名称',
  `content` text NOT NULL COMMENT '内容',
  `folder` int(11) NOT NULL DEFAULT '0' COMMENT '文件夹',
  `add_file` varchar(200) NOT NULL DEFAULT '' COMMENT '附件',
  `user_id` int(11) NOT NULL DEFAULT '0' COMMENT '用户ID',
  `user_name` varchar(20) NOT NULL DEFAULT '' COMMENT '用户名称',
  `create_time` int(11) unsigned NOT NULL DEFAULT '0' COMMENT '创建时间',
  `update_time` int(11) unsigned NOT NULL DEFAULT '0' COMMENT '更新时间',
  `is_del` tinyint(3) NOT NULL DEFAULT '0' COMMENT '删除标记',
  `udf_data` text COMMENT '自定义字段数据',
  PRIMARY KEY (`id`)
) ENGINE=InnoDB AUTO_INCREMENT=95 DEFAULT CHARSET=utf8;

#
# Data for table "think_form"
#


#
# Source for table "think_group"
#

DROP TABLE IF EXISTS `think_group`;
CREATE TABLE `think_group` (
  `id` int(11) NOT NULL AUTO_INCREMENT,
  `name` varchar(50) NOT NULL DEFAULT '' COMMENT '名称',
  `is_public` tinyint(3) DEFAULT NULL COMMENT '是否公开',
  `remark` text COMMENT '备注',
  `user_id` int(11) DEFAULT NULL COMMENT '登陆人ID',
  `user_name` varchar(20) DEFAULT NULL COMMENT '登录用户名称',
  `create_time` int(11) NOT NULL DEFAULT '0' COMMENT '创建时间',
  `update_time` int(11) NOT NULL DEFAULT '0' COMMENT '更新时间',
  `is_del` tinyint(3) NOT NULL DEFAULT '0' COMMENT '删除标记',
  `sort` varchar(10) DEFAULT NULL COMMENT '排序',
  PRIMARY KEY (`id`)
) ENGINE=InnoDB AUTO_INCREMENT=3 DEFAULT CHARSET=utf8;

#
# Data for table "think_group"
#


#
# Source for table "think_group_user"
#

DROP TABLE IF EXISTS `think_group_user`;
CREATE TABLE `think_group_user` (
  `group_id` int(11) NOT NULL,
  `user_id` int(11) DEFAULT NULL,
  KEY `user_id` (`user_id`),
  KEY `group_id` (`group_id`)
) ENGINE=InnoDB DEFAULT CHARSET=utf8;

#
# Data for table "think_group_user"
#


#
# Source for table "think_info"
#

DROP TABLE IF EXISTS `think_info`;
CREATE TABLE `think_info` (
  `id` int(11) NOT NULL AUTO_INCREMENT,
  `doc_no` varchar(20) NOT NULL DEFAULT '' COMMENT '文档编号',
  `name` varchar(50) NOT NULL DEFAULT '' COMMENT '名称',
  `content` text NOT NULL COMMENT '内容',
  `folder` int(11) NOT NULL DEFAULT '0' COMMENT '分类',
  `is_sign` tinyint(3) DEFAULT '0' COMMENT '是否需要签收',
  `is_public` tinyint(3) DEFAULT NULL COMMENT '是否公开',
  `scope_user_id` text COMMENT '发布范围ID',
  `scope_user_name` text COMMENT '发布范围名称',
  `add_file` varchar(200) NOT NULL DEFAULT '' COMMENT '附件',
  `user_id` int(11) NOT NULL DEFAULT '0' COMMENT '登陆人ID',
  `user_name` varchar(20) NOT NULL DEFAULT '' COMMENT '登陆人名称',
  `dept_id` int(11) DEFAULT NULL COMMENT '部门ID',
  `dept_name` varchar(20) DEFAULT NULL COMMENT '部门名称',
  `create_time` int(11) NOT NULL DEFAULT '0' COMMENT '创建时间',
  `update_time` int(11) NOT NULL DEFAULT '0' COMMENT '更新时间',
  `is_del` tinyint(3) NOT NULL DEFAULT '0' COMMENT '删除标记',
  PRIMARY KEY (`id`)
) ENGINE=InnoDB AUTO_INCREMENT=139 DEFAULT CHARSET=utf8;

#
# Data for table "think_info"
#

INSERT INTO `think_info` VALUES (116,'2015-0001','春节放假通知','春节放假通知',66,0,1,'dept_1,','小微企业|dept_1;','',1,'管理员',1,'小微企业',1421878587,0,0),(117,'2015-0002','2015年晋升及工资调整方案','2015年晋升及工资调整方案',66,0,NULL,'','','',1,'管理员',1,'小微企业',1421878634,0,0),(118,'2015-0003','关于实行公司业务改善提案制度通知','关于实行公司业务改善提案制度通知',67,0,NULL,'','','',1,'管理员',1,'小微企业',1421878681,0,0),(124,'2015-0009','新建:公告','<h1 style=\"font-size:24px;font-family:\'Microsoft YaHei\', simsun, Arial, sans-serif;font-weight:lighter;color:#2679B5;background-color:#FFFFFF;\">\r\n\t新建:公告\r\n</h1>',74,1,1,'dept_1,','小微企业|dept_1;','MDAwMDAwMDAwMIPNd3M;',1,'管理员',1,'小微企业',1422804336,1428468644,1),(129,'2015-0014','信息模块微信开通通知功能','<table border=\"1\" cellspacing=\"0\" cellpadding=\"4\" align=\"center\" width=\"640px\" style=\"font-size:14px;color:#000000;font-family:\'Helvetica Neue\', \'Hiragino Sans GB\', \'Microsoft YaHei\', 微软雅黑, 黑体, Arial, sans-serif;background-color:#FFFFFF;\">\r\n\t<tbody>\r\n\t\t<tr>\r\n\t\t\t<th>\r\n\t\t\t\t参数\r\n\t\t\t</th>\r\n\t\t\t<th>\r\n\t\t\t\t必须\r\n\t\t\t</th>\r\n\t\t\t<th>\r\n\t\t\t\t说明\r\n\t\t\t</th>\r\n\t\t</tr>\r\n\t\t<tr>\r\n\t\t\t<td>\r\n\t\t\t\ttouser\r\n\t\t\t</td>\r\n\t\t\t<td>\r\n\t\t\t\t否\r\n\t\t\t</td>\r\n\t\t\t<td>\r\n\t\t\t\t成员ID列表（消息接收者，多个接收者用‘|’分隔，最多支持1000个）。特殊情况：指定为@all，则向关注该企业应用的全部成员发送\r\n\t\t\t</td>\r\n\t\t</tr>\r\n\t\t<tr>\r\n\t\t\t<td>\r\n\t\t\t\ttoparty\r\n\t\t\t</td>\r\n\t\t\t<td>\r\n\t\t\t\t否\r\n\t\t\t</td>\r\n\t\t\t<td>\r\n\t\t\t\t部门ID列表，多个接收者用‘|’分隔，最多支持100个。当touser为@all时忽略本参数\r\n\t\t\t</td>\r\n\t\t</tr>\r\n\t\t<tr>\r\n\t\t\t<td>\r\n\t\t\t\ttotag\r\n\t\t\t</td>\r\n\t\t\t<td>\r\n\t\t\t\t否\r\n\t\t\t</td>\r\n\t\t\t<td>\r\n\t\t\t\t标签ID列表，多个接收者用‘|’分隔。当touser为@all时忽略本参数\r\n\t\t\t</td>\r\n\t\t</tr>\r\n\t\t<tr>\r\n\t\t\t<td>\r\n\t\t\t\tmsgtype\r\n\t\t\t</td>\r\n\t\t\t<td>\r\n\t\t\t\t是\r\n\t\t\t</td>\r\n\t\t\t<td>\r\n\t\t\t\t消息类型，此时固定为：text\r\n\t\t\t</td>\r\n\t\t</tr>\r\n\t\t<tr>\r\n\t\t\t<td>\r\n\t\t\t\tagentid\r\n\t\t\t</td>\r\n\t\t\t<td>\r\n\t\t\t\t是\r\n\t\t\t</td>\r\n\t\t\t<td>\r\n\t\t\t\t企业应用的id，整型。可在应用的设置页面查看\r\n\t\t\t</td>\r\n\t\t</tr>\r\n\t\t<tr>\r\n\t\t\t<td>\r\n\t\t\t\tcontent\r\n\t\t\t</td>\r\n\t\t\t<td>\r\n\t\t\t\t是\r\n\t\t\t</td>\r\n\t\t\t<td>\r\n\t\t\t\t消息内容\r\n\t\t\t</td>\r\n\t\t</tr>\r\n\t\t<tr>\r\n\t\t\t<td>\r\n\t\t\t\tsafe\r\n\t\t\t</td>\r\n\t\t\t<td>\r\n\t\t\t\t否\r\n\t\t\t</td>\r\n\t\t\t<td>\r\n\t\t\t\t表示是否是保密消息，0表示否，1表示是，默认0\r\n\t\t\t</td>\r\n\t\t</tr>\r\n\t</tbody>\r\n</table>',75,0,NULL,'44,','总经理1001/总经理|44;','',1,'管理员',1,'小微企业',1429772077,1429774534,1),(130,'2015-0015','管理部全体员工开会通知','本周六上午九点在第一会议室召开会议。请大家准时参加',75,1,NULL,'dept_6,','管理部|dept_6;','',1,'管理员',1,'小微企业',1431412576,0,1),(131,'2015-0016','财务部全体开会','财务部本周星期五上午9点开始在第一会议室开会，请大家准时参会。',75,1,NULL,'dept_8,','财务部|dept_8;','',1,'管理员',1,'小微企业',1431414957,0,0),(132,'2015-0017','管理部开会时间变更','管理部全体员工开会时间从本周星期六变更为本周星期五下午2点在第一会议室开会。请大家准时参会。',75,1,NULL,'dept_6,','管理部|dept_6;','',1,'管理员',1,'小微企业',1431415094,0,1),(133,'2015-0018','就你的不行','就你的不行，怎么回事。',75,1,NULL,'48,','副总1003/副总|48;','',1,'管理员',1,'小微企业',1431415690,0,1),(137,'2015-0022','你那边现在可以了么','<p>\r\n\t你那边现在可以了么？\r\n</p>\r\n<p>\r\n\t<br />\r\n</p>',75,1,NULL,'dept_1,','小微企业|dept_1;','',1,'管理员',1,'小微企业',1431484481,1432016907,0),(138,'2015-0023','聚餐通知','周末聚餐',75,1,NULL,'dept_1,','小微企业|dept_1;','',1,'管理员',1,'小微企业',1431495092,1432973283,0);

#
# Source for table "think_info_scope"
#

DROP TABLE IF EXISTS `think_info_scope`;
CREATE TABLE `think_info_scope` (
  `info_id` int(11) NOT NULL,
  `user_id` int(11) DEFAULT NULL,
  KEY `user_id` (`user_id`),
  KEY `info_id` (`info_id`)
) ENGINE=InnoDB DEFAULT CHARSET=utf8;

#
# Data for table "think_info_scope"
#

INSERT INTO `think_info_scope` VALUES (109,1),(109,42),(109,43),(109,44),(109,48),(109,49),(109,50),(109,51),(109,52),(109,55),(109,56),(109,57),(109,58),(109,59),(109,60),(109,61),(109,62),(109,65),(109,66),(109,67),(116,44),(116,67),(116,48),(116,42),(116,43),(116,49),(116,50),(116,51),(116,52),(116,55),(116,57),(116,58),(116,59),(116,60),(116,61),(116,56),(116,62),(116,1),(116,65),(116,66),(124,44),(124,67),(124,48),(124,42),(124,43),(124,49),(124,50),(124,51),(124,52),(124,55),(124,57),(124,58),(124,59),(124,60),(124,61),(124,56),(124,62),(124,1),(124,65),(124,66),(125,44),(125,67),(125,48),(125,42),(125,43),(125,49),(125,50),(125,51),(125,52),(125,55),(125,57),(125,58),(125,59),(125,60),(125,61),(125,56),(125,62),(125,1),(125,65),(125,66),(126,44),(127,44),(128,44),(129,44),(130,48),(130,49),(130,50),(130,55),(130,57),(130,58),(130,59),(131,42),(131,51),(131,52),(131,56),(131,60),(131,61),(131,62),(132,48),(132,49),(132,50),(132,55),(132,57),(132,58),(132,59),(133,48),(134,44),(134,67),(134,48),(134,42),(134,43),(134,49),(134,50),(134,51),(134,52),(134,55),(134,57),(134,58),(134,59),(134,60),(134,61),(134,56),(134,62),(134,1),(134,65),(134,66),(135,48),(136,48),(137,44),(137,67),(137,48),(137,42),(137,43),(137,49),(137,50),(137,51),(137,52),(137,55),(137,57),(137,58),(137,59),(137,60),(137,61),(137,56),(137,62),(137,1),(137,65),(137,66),(138,44),(138,67),(138,48),(138,42),(138,43),(138,49),(138,50),(138,51),(138,52),(138,55),(138,57),(138,58),(138,59),(138,60),(138,61),(138,56),(138,62),(138,1),(138,65),(138,66);

#
# Source for table "think_info_sign"
#

DROP TABLE IF EXISTS `think_info_sign`;
CREATE TABLE `think_info_sign` (
  `id` int(11) NOT NULL AUTO_INCREMENT,
  `info_id` int(11) NOT NULL DEFAULT '0' COMMENT '信息ID',
  `user_id` int(11) NOT NULL DEFAULT '0' COMMENT '登录用户ID',
  `user_name` varchar(20) NOT NULL DEFAULT '' COMMENT '登录用户名称',
  `is_sign` tinyint(3) NOT NULL DEFAULT '0' COMMENT '是否签收',
  `sign_time` int(11) unsigned DEFAULT NULL COMMENT '签收时间',
  `dept_id` int(11) DEFAULT NULL COMMENT '部门ID',
  `dept_name` varchar(20) DEFAULT NULL COMMENT '部门名称',
  PRIMARY KEY (`id`)
) ENGINE=InnoDB AUTO_INCREMENT=94 DEFAULT CHARSET=utf8;

#
# Data for table "think_info_sign"
#

INSERT INTO `think_info_sign` VALUES (71,109,1,'管理员',1,1417533958,NULL,NULL),(72,124,1,'管理员',1,1422806114,1,'小微企业'),(73,124,42,'总监2001',1,1424448156,8,'财务部'),(74,130,55,'员工5001',1,1431412695,24,'总务科'),(75,130,48,'副总1003',1,1431412995,6,'管理部'),(76,130,50,'经理3002',1,1431413642,23,'人事科'),(77,130,49,'经理3001',1,1431413670,24,'总务科'),(78,130,57,'员工5002',1,1431413882,24,'总务科'),(79,131,42,'总监2001',1,1431414980,8,'财务部'),(80,132,48,'副总1003',1,1431415121,6,'管理部'),(81,132,49,'经理3001',1,1431415624,24,'总务科'),(82,133,48,'副总1003',1,1431415712,6,'管理部'),(83,133,48,'副总1003',1,1431415716,6,'管理部'),(84,133,48,'副总1003',1,1431415721,6,'管理部'),(85,133,48,'副总1003',1,1431415729,6,'管理部'),(86,133,48,'副总1003',1,1431415732,6,'管理部'),(87,133,48,'副总1003',1,1431415733,6,'管理部'),(88,133,48,'副总1003',1,1431415733,6,'管理部'),(89,134,48,'副总1003',1,1431415924,6,'管理部'),(90,136,48,'副总1003',1,1431416157,6,'管理部'),(91,134,1,'管理员',1,1431416214,1,'小微企业'),(92,137,48,'副总1003',1,1431484511,6,'管理部'),(93,138,48,'副总1003',1,1431495132,6,'管理部');

#
# Source for table "think_mail"
#

DROP TABLE IF EXISTS `think_mail`;
CREATE TABLE `think_mail` (
  `id` smallint(4) unsigned NOT NULL AUTO_INCREMENT,
  `folder` int(11) NOT NULL DEFAULT '0' COMMENT '文件夹',
  `mid` varchar(200) DEFAULT NULL COMMENT '邮件唯一id',
  `name` varchar(50) NOT NULL DEFAULT '' COMMENT '名称',
  `content` text NOT NULL COMMENT '内容',
  `add_file` varchar(200) DEFAULT NULL COMMENT '附件',
  `from` varchar(255) DEFAULT NULL COMMENT '发件人',
  `to` varchar(255) DEFAULT NULL COMMENT '收件人',
  `reply_to` varchar(255) DEFAULT NULL COMMENT '回复到',
  `cc` varchar(255) DEFAULT NULL COMMENT '抄送',
  `read` tinyint(1) NOT NULL DEFAULT '0' COMMENT '已读',
  `user_id` int(11) NOT NULL DEFAULT '0' COMMENT '用户ID',
  `user_name` varchar(20) NOT NULL DEFAULT '' COMMENT '用户名称',
  `create_time` int(11) unsigned NOT NULL DEFAULT '0' COMMENT '创建时间',
  `update_time` int(11) unsigned NOT NULL DEFAULT '0' COMMENT '更新时间',
  `is_del` tinyint(3) NOT NULL DEFAULT '0' COMMENT '删除标记',
  PRIMARY KEY (`id`),
  KEY `mid` (`mid`),
  KEY `create_time` (`create_time`)
) ENGINE=InnoDB DEFAULT CHARSET=utf8;

#
# Data for table "think_mail"
#


#
# Source for table "think_mail_account"
#

DROP TABLE IF EXISTS `think_mail_account`;
CREATE TABLE `think_mail_account` (
  `id` mediumint(6) NOT NULL,
  `email` varchar(50) DEFAULT NULL COMMENT '邮件地址',
  `mail_name` varchar(50) NOT NULL DEFAULT '' COMMENT '邮件显示名称',
  `pop3svr` varchar(50) NOT NULL DEFAULT '' COMMENT 'pop服务器',
  `smtpsvr` varchar(50) NOT NULL DEFAULT '' COMMENT 'smtp服务器',
  `mail_id` varchar(50) NOT NULL DEFAULT '' COMMENT '邮件ID',
  `mail_pwd` varchar(50) NOT NULL DEFAULT '' COMMENT '邮件密码',
  PRIMARY KEY (`id`)
) ENGINE=InnoDB DEFAULT CHARSET=utf8 COMMENT='think_user_info';

#
# Data for table "think_mail_account"
#


#
# Source for table "think_mail_organize"
#

DROP TABLE IF EXISTS `think_mail_organize`;
CREATE TABLE `think_mail_organize` (
  `id` int(11) NOT NULL AUTO_INCREMENT,
  `user_id` int(11) NOT NULL DEFAULT '0' COMMENT '用户ID',
  `sort` int(11) NOT NULL DEFAULT '0' COMMENT '排序',
  `sender_check` int(11) NOT NULL DEFAULT '0' COMMENT '是否确认发件人',
  `sender_option` int(11) NOT NULL DEFAULT '0' COMMENT '发件人选项',
  `sender_key` varchar(50) NOT NULL DEFAULT '' COMMENT '确认发件人值',
  `domain_check` int(11) NOT NULL DEFAULT '0' COMMENT '是否确认域名',
  `domain_option` int(11) NOT NULL DEFAULT '0' COMMENT '域名选项',
  `domain_key` varchar(50) NOT NULL DEFAULT '' COMMENT '确认域名值',
  `recever_check` int(11) NOT NULL DEFAULT '0' COMMENT '是否确认收件人',
  `recever_option` int(11) NOT NULL DEFAULT '0' COMMENT '收件人选项',
  `recever_key` varchar(50) NOT NULL DEFAULT '' COMMENT '确认收信人值',
  `title_check` int(11) NOT NULL DEFAULT '0' COMMENT '是否确认标题',
  `title_option` int(11) NOT NULL DEFAULT '0' COMMENT '确认标题选项',
  `title_key` varchar(50) NOT NULL DEFAULT '' COMMENT '确认标题值',
  `to` int(11) NOT NULL DEFAULT '0' COMMENT '移动到',
  `is_del` tinyint(3) NOT NULL DEFAULT '0' COMMENT '删除标记',
  PRIMARY KEY (`id`)
) ENGINE=InnoDB AUTO_INCREMENT=20 DEFAULT CHARSET=utf8;

#
# Data for table "think_mail_organize"
#


#
# Source for table "think_message"
#

DROP TABLE IF EXISTS `think_message`;
CREATE TABLE `think_message` (
  `id` int(11) NOT NULL AUTO_INCREMENT,
  `content` text COMMENT '内容',
  `add_file` varchar(200) DEFAULT NULL COMMENT '附件',
  `sender_id` int(11) DEFAULT NULL COMMENT '发送人',
  `sender_name` varchar(20) DEFAULT NULL COMMENT '发送人名称',
  `receiver_id` int(11) DEFAULT NULL COMMENT '接收人',
  `receiver_name` varchar(20) DEFAULT NULL COMMENT '接收人名称',
  `create_time` int(11) DEFAULT NULL COMMENT '创建时间',
  `owner_id` int(11) DEFAULT NULL COMMENT '拥有者',
  `is_del` tinyint(3) DEFAULT '0' COMMENT '删除标记',
  `is_read` tinyint(3) DEFAULT '0' COMMENT '是否已读',
  PRIMARY KEY (`id`)
) ENGINE=InnoDB AUTO_INCREMENT=185 DEFAULT CHARSET=utf8;

#
# Data for table "think_message"
#


#
# Source for table "think_node"
#

DROP TABLE IF EXISTS `think_node`;
CREATE TABLE `think_node` (
  `id` smallint(6) unsigned NOT NULL AUTO_INCREMENT,
  `name` varchar(50) DEFAULT NULL COMMENT '名称',
  `url` varchar(200) NOT NULL DEFAULT '' COMMENT 'URL地址',
  `icon` varchar(255) DEFAULT NULL COMMENT '图标',
  `sub_folder` varchar(20) DEFAULT NULL COMMENT '子文件夹',
  `remark` varchar(255) DEFAULT NULL COMMENT '备注',
  `sort` varchar(20) DEFAULT NULL COMMENT '排序',
  `pid` smallint(5) unsigned NOT NULL DEFAULT '0' COMMENT '父ID',
  `is_del` tinyint(3) NOT NULL DEFAULT '0' COMMENT '删除标记',
  `badge_function` varchar(50) DEFAULT NULL COMMENT '统计函数',
  PRIMARY KEY (`id`),
  KEY `pid` (`pid`),
  KEY `status` (`is_del`)
) ENGINE=InnoDB AUTO_INCREMENT=236 DEFAULT CHARSET=utf8;

#
# Data for table "think_node"
#

INSERT INTO `think_node` VALUES (84,'管理','System/index','fa fa-cogs','','','999',0,0,''),(85,'邮件','Mail/index','fa fa-envelope-o bc-mail','','','1',0,0,'badge_sum'),(87,'审批','Flow/index','fa fa-pencil bc-flow','','','2',0,0,'badge_sum'),(88,'信息','Info/index##','fa fa-file-o','InfoFolder','','4',0,0,'badge_sum'),(91,'日程','Schedule/index','fa fa-calendar bc-personal-schedule','','','9',198,0,'badge_count_schedule'),(94,'职位','Position/index',NULL,NULL,'','',1,0,NULL),(100,'写信','Mail/add',NULL,'','','1',85,0,NULL),(101,'收件箱','Mail/folder?fid=inbox','bc-mail-inbox','','','3',85,0,'badge_count_mail_inbox'),(102,'邮件设置','',NULL,NULL,NULL,'9',85,0,NULL),(104,'垃圾箱','Mail/folder?fid=spambox','','','','5',85,0,NULL),(105,'发件箱','Mail/folder?fid=outbox','','','','6',85,0,NULL),(106,'已删除','Mail/folder?fid=delbox','','','','4',85,0,NULL),(107,'草稿箱','Mail/folder?fid=darftbox','','','','7',85,0,NULL),(108,'邮件帐户设置','MailAccount/index',NULL,'','','1',102,0,NULL),(110,'公司信息管理','',NULL,NULL,'','1',84,0,NULL),(112,'权限管理','',NULL,NULL,'','3',84,0,NULL),(113,'系统设定','',NULL,NULL,'','4',84,0,NULL),(114,'系统参数设置','SystemConfig/index','','','','2',113,0,''),(115,'组织图','Dept/index','','','','1',110,0,NULL),(116,'员工登记','User/index',NULL,'','','5',110,0,NULL),(118,'权限组管理','Role/index','','','','1',112,0,NULL),(119,'权限设置','Role/node','','','','2',112,0,NULL),(120,'权限分配','Role/user','','','','3',112,0,NULL),(121,'菜单管理','Node/index','','','','1',113,0,NULL),(123,'职位','Position/index',NULL,'','','2',110,0,NULL),(124,'文件夹设置','Mail/folder_manage','','','','2',102,0,''),(125,'联系人','Contact/index','','','','1',198,0,NULL),(126,'信息搜索','Info/index','','','','1',88,0,NULL),(143,'邮件分类','MailOrganize/index',NULL,'','','',102,0,NULL),(144,'发起','Flow/index','','','','1',87,0,NULL),(146,'流程管理','FlowType/index','','','','9',87,0,NULL),(147,'待审批','Flow/folder?fid=confirm','bc-flow-confirm','','','4',87,0,'badge_count_flow_todo'),(148,'已审批','Flow/folder?fid=finish','','','','5',87,0,''),(149,'草稿箱','Flow/folder?fid=darft','','','','2',87,0,''),(150,'已提交','Flow/folder?fid=submit','','','','3',87,0,''),(152,'待办','Todo/index','fa fa-tasks bc-personal-todo','','','9',198,0,'badge_count_todo'),(153,'部门级别','DeptGrade/index','','','','4',110,0,NULL),(156,'客户','Customer/index',NULL,'','','2',157,0,NULL),(157,'通讯录','Staff/index','fa fa-group','','','7',0,0,'badge_sum'),(158,'供应商','Supplier/index',NULL,'','','3',157,0,NULL),(169,'职员','Staff/index',NULL,'','','',157,0,NULL),(177,'我的文件夹','##mail','bc-mail-myfolder','MailFolder','','8',85,0,'badge_count_mail_user_folder'),(184,'流程分组','FlowType/tag_manage','','','','8',87,0,NULL),(185,'审批报告','Flow/folder?fid=report','bc-flow-receive','','','6',87,0,'badge_count_flow_receive'),(189,'信息分类','Info/folder_manage','','','','C1',88,0,''),(190,'消息','Message/index','fa fa-inbox bc-message','','','99',198,0,'badge_count_message'),(191,'用户设置','','','','','',198,0,NULL),(192,'用户资料','Profile/index','','','','',191,0,NULL),(193,'修改密码','Profile/password','','','','',191,0,NULL),(194,'用户设置','UserConfig/index','','','','999',191,0,NULL),(198,'个人','Contact/index','fa fa-user bc-personal','','','9',0,0,'badge_sum'),(205,'业务角色管理','Duty/index','','','','4',112,0,''),(206,'业务权限分配','Role/duty','','','','5',112,0,''),(214,'记账','Finance/index','fa fa-jpy','','','3',217,0,''),(216,'日报','WorkLog/index','fa fa-book','','','1',217,0,''),(217,'工作','WorkLog/index','fa fa-book','','','6',0,0,'badge_sum'),(219,'我的信息','Info/my_info','','','','B1',88,0,NULL),(220,'我的签收','Info/my_sign','','','','B2',88,0,NULL),(221,'文档','Doc/index##','fa fa-inbox','DocFolder','','4',0,0,'badge_sum'),(222,'文档管理','Doc/folder_manage','fa fa-inbox','','','4',221,0,'badge_sum'),(224,'任务','Task/index','fa fa-book','','','2',217,0,'badge_count_task'),(226,'报表','Form/index##','fa fa-table','FormFolder','','5',0,0,'badge_sum'),(227,'报表管理','Form/folder_manage','fa fa-inbox','','','4',226,0,'badge_sum'),(228,'报表字段类型','Form/field_type','fa fa-inbox','','','4',226,0,'badge_sum'),(229,'群组','Group/index','fa fa-group','','','7',157,0,'badge_sum'),(230,'考勤查看','Sign/index','fa fa-book','','','4',235,0,'badge_sum'),(231,'考勤统计','Sign/report','fa fa-book','','','5',235,0,'badge_sum'),(232,'工单','WorkOrder/index','fa fa-book','','','60',235,0,'badge_count_work_order'),(233,'工单统计','WorkOrder/report','fa fa-book','','','61',235,0,''),(234,'参阅箱','Flow/folder?fid=receive','bc-flow-receive','','','6',87,0,'badge_count_flow_receive'),(235,'商业','','fa fa-bar-chart','','','',0,1,'');

#
# Source for table "think_position"
#

DROP TABLE IF EXISTS `think_position`;
CREATE TABLE `think_position` (
  `id` int(11) NOT NULL AUTO_INCREMENT,
  `position_no` varchar(10) NOT NULL DEFAULT '' COMMENT '编号',
  `name` varchar(50) NOT NULL DEFAULT '' COMMENT '名称',
  `sort` varchar(10) NOT NULL DEFAULT '' COMMENT '排序',
  `is_del` tinyint(3) NOT NULL DEFAULT '0' COMMENT '删除标记',
  PRIMARY KEY (`id`)
) ENGINE=InnoDB AUTO_INCREMENT=7 DEFAULT CHARSET=utf8;

#
# Data for table "think_position"
#

INSERT INTO `think_position` VALUES (1,'011','主管','5',0),(2,'04','经理','4',0),(3,'03','总监','3',0),(4,'02','副总','2',0),(5,'01','总经理','1',0),(6,'06','助理','6',0);

#
# Source for table "think_push"
#

DROP TABLE IF EXISTS `think_push`;
CREATE TABLE `think_push` (
  `id` int(11) NOT NULL AUTO_INCREMENT,
  `user_id` int(11) NOT NULL DEFAULT '0' COMMENT '用户ID',
  `data` text NOT NULL,
  `status` int(11) NOT NULL,
  `time` int(11) NOT NULL,
  `info` varchar(255) DEFAULT NULL,
  PRIMARY KEY (`id`)
) ENGINE=InnoDB AUTO_INCREMENT=3105 DEFAULT CHARSET=utf8;

#
# Data for table "think_push"
#


#
# Source for table "think_role"
#

DROP TABLE IF EXISTS `think_role`;
CREATE TABLE `think_role` (
  `id` smallint(6) unsigned NOT NULL AUTO_INCREMENT,
  `name` varchar(50) NOT NULL DEFAULT '',
  `pid` smallint(6) DEFAULT NULL,
  `remark` varchar(255) DEFAULT NULL,
  `sort` varchar(20) DEFAULT NULL,
  `create_time` int(11) unsigned NOT NULL,
  `update_time` int(11) unsigned NOT NULL,
  `is_del` tinyint(3) NOT NULL DEFAULT '0',
  PRIMARY KEY (`id`),
  KEY `parentId` (`pid`),
  KEY `ename` (`sort`),
  KEY `status` (`is_del`)
) ENGINE=InnoDB AUTO_INCREMENT=10 DEFAULT CHARSET=utf8;

#
# Data for table "think_role"
#

INSERT INTO `think_role` VALUES (1,'公司管理员',0,'','1',1208784792,1368507168,0),(2,'基本权限',0,'','2',1215496283,1368507164,0),(7,'领导',0,'','2',1254325787,1401288337,0),(8,'测试权限',NULL,'','',1421876018,0,0),(9,'测试权限',NULL,'','',1432192986,0,0);

#
# Source for table "think_role_duty"
#

DROP TABLE IF EXISTS `think_role_duty`;
CREATE TABLE `think_role_duty` (
  `role_id` smallint(6) unsigned NOT NULL,
  `duty_id` smallint(6) unsigned NOT NULL
) ENGINE=InnoDB DEFAULT CHARSET=utf8;

#
# Data for table "think_role_duty"
#

INSERT INTO `think_role_duty` VALUES (1,15),(7,14),(1,14),(7,15),(2,14),(2,15);

#
# Source for table "think_role_node"
#

DROP TABLE IF EXISTS `think_role_node`;
CREATE TABLE `think_role_node` (
  `role_id` int(11) NOT NULL,
  `node_id` int(11) NOT NULL,
  `admin` tinyint(1) DEFAULT NULL,
  `read` tinyint(1) DEFAULT NULL,
  `write` tinyint(1) DEFAULT NULL
) ENGINE=InnoDB DEFAULT CHARSET=utf8;

#
# Data for table "think_role_node"
#

INSERT INTO `think_role_node` VALUES (2,136,NULL,NULL,NULL),(2,135,NULL,NULL,NULL),(1,94,NULL,NULL,NULL),(1,97,NULL,NULL,NULL),(1,98,NULL,NULL,NULL),(1,99,NULL,NULL,NULL),(1,69,NULL,NULL,NULL),(1,6,NULL,NULL,NULL),(1,2,NULL,NULL,NULL),(1,7,NULL,NULL,NULL),(1,131,1,1,1),(1,130,NULL,NULL,NULL),(1,133,NULL,NULL,NULL),(1,132,NULL,NULL,NULL),(1,135,NULL,NULL,NULL),(1,136,NULL,NULL,NULL),(1,117,NULL,NULL,NULL),(1,134,NULL,NULL,NULL),(2,103,NULL,NULL,NULL),(2,133,NULL,NULL,NULL),(2,130,NULL,NULL,NULL),(7,124,NULL,NULL,NULL),(7,108,NULL,NULL,NULL),(7,104,NULL,NULL,NULL),(7,107,NULL,NULL,NULL),(7,106,NULL,NULL,NULL),(7,105,NULL,NULL,NULL),(7,101,NULL,NULL,NULL),(7,100,NULL,NULL,NULL),(7,125,NULL,NULL,NULL),(2,134,NULL,NULL,NULL),(2,132,NULL,NULL,NULL),(2,103,NULL,NULL,NULL),(2,103,NULL,NULL,NULL),(2,109,NULL,NULL,NULL),(1,117,NULL,NULL,NULL),(1,117,NULL,NULL,NULL),(1,117,NULL,NULL,NULL),(1,117,NULL,NULL,NULL),(1,103,NULL,NULL,NULL),(1,109,NULL,NULL,NULL),(1,117,NULL,NULL,NULL),(1,117,NULL,NULL,NULL),(1,163,NULL,NULL,NULL),(1,170,NULL,NULL,NULL),(1,164,NULL,NULL,NULL),(1,155,NULL,NULL,NULL),(1,154,1,1,1),(1,111,NULL,NULL,NULL),(1,168,NULL,NULL,NULL),(1,162,NULL,NULL,NULL),(1,166,NULL,NULL,NULL),(1,161,NULL,NULL,NULL),(1,171,NULL,NULL,NULL),(1,165,NULL,NULL,NULL),(1,174,NULL,NULL,NULL),(1,172,NULL,NULL,NULL),(1,173,NULL,NULL,NULL),(1,160,NULL,NULL,NULL),(1,175,NULL,NULL,NULL),(1,176,NULL,NULL,NULL),(1,167,NULL,NULL,NULL),(1,128,NULL,NULL,NULL),(8,226,1,1,1),(8,85,NULL,NULL,NULL),(8,100,NULL,NULL,NULL),(8,101,NULL,NULL,NULL),(8,106,NULL,NULL,NULL),(8,104,NULL,NULL,NULL),(8,105,NULL,NULL,NULL),(8,107,NULL,NULL,NULL),(8,177,NULL,NULL,NULL),(8,102,NULL,NULL,NULL),(8,143,NULL,NULL,NULL),(8,108,NULL,NULL,NULL),(8,124,NULL,NULL,NULL),(2,85,1,1,1),(2,100,NULL,NULL,NULL),(2,101,NULL,NULL,NULL),(2,106,NULL,NULL,NULL),(2,104,NULL,NULL,NULL),(2,105,NULL,NULL,NULL),(2,107,NULL,NULL,NULL),(2,177,1,1,1),(2,102,NULL,NULL,NULL),(2,143,1,1,1),(2,108,1,1,1),(2,124,NULL,NULL,NULL),(2,88,NULL,1,1),(2,126,NULL,1,1),(2,219,NULL,NULL,NULL),(2,220,NULL,NULL,NULL),(2,226,NULL,1,1),(2,217,NULL,1,1),(2,216,NULL,1,1),(2,224,NULL,1,1),(2,230,NULL,1,1),(2,232,NULL,1,1),(2,157,1,1,1),(2,169,1,1,1),(2,156,1,1,1),(2,158,1,1,1),(2,229,NULL,1,1),(2,198,1,1,1),(2,191,NULL,NULL,NULL),(2,193,NULL,NULL,NULL),(2,192,1,1,1),(2,194,1,1,1),(2,125,1,1,1),(2,91,1,1,1),(2,152,1,1,1),(2,190,1,1,1),(2,87,1,1,1),(2,144,1,1,1),(2,149,NULL,NULL,NULL),(2,150,NULL,NULL,NULL),(2,147,NULL,NULL,NULL),(2,148,NULL,NULL,NULL),(2,185,NULL,NULL,NULL),(2,221,NULL,1,NULL),(1,235,NULL,NULL,NULL),(1,230,1,1,1),(1,231,NULL,NULL,NULL),(1,232,1,1,1),(1,233,NULL,NULL,NULL),(1,85,1,1,1),(1,100,NULL,NULL,NULL),(1,101,NULL,NULL,NULL),(1,106,NULL,NULL,NULL),(1,104,NULL,NULL,NULL),(1,105,NULL,NULL,NULL),(1,107,NULL,NULL,NULL),(1,177,1,1,1),(1,102,NULL,NULL,NULL),(1,143,1,1,1),(1,108,1,1,1),(1,124,NULL,NULL,NULL),(1,87,1,1,1),(1,144,1,1,1),(1,149,NULL,NULL,NULL),(1,150,NULL,NULL,NULL),(1,147,NULL,NULL,NULL),(1,148,NULL,NULL,NULL),(1,234,NULL,NULL,NULL),(1,185,NULL,NULL,NULL),(1,184,NULL,NULL,NULL),(1,146,1,1,1),(1,221,1,1,1),(1,222,NULL,NULL,NULL),(1,88,1,1,1),(1,126,1,1,1),(1,219,NULL,NULL,NULL),(1,220,NULL,NULL,NULL),(1,189,NULL,NULL,NULL),(1,226,1,1,1),(1,227,NULL,NULL,NULL),(1,228,NULL,NULL,NULL),(1,217,1,1,1),(1,216,1,1,1),(1,224,1,1,1),(1,214,1,1,1),(1,157,1,1,1),(1,169,1,1,1),(1,156,1,1,1),(1,158,1,1,1),(1,229,1,1,1),(1,198,1,1,1),(1,191,NULL,NULL,NULL),(1,193,NULL,NULL,NULL),(1,192,1,1,1),(1,194,1,1,1),(1,125,1,1,1),(1,91,1,1,1),(1,152,1,1,1),(1,190,1,1,1),(1,84,1,1,1),(1,110,NULL,NULL,NULL),(1,115,1,1,1),(1,123,1,1,1),(1,153,1,1,1),(1,116,1,1,1),(1,112,NULL,NULL,NULL),(1,118,1,1,1),(1,119,NULL,NULL,NULL),(1,120,NULL,NULL,NULL),(1,205,1,1,1),(1,206,NULL,NULL,NULL),(1,113,NULL,NULL,NULL),(1,121,1,1,1),(1,114,1,1,1);

#
# Source for table "think_role_user"
#

DROP TABLE IF EXISTS `think_role_user`;
CREATE TABLE `think_role_user` (
  `role_id` mediumint(9) unsigned DEFAULT NULL,
  `user_id` char(32) DEFAULT NULL,
  KEY `group_id` (`role_id`),
  KEY `user_id` (`user_id`)
) ENGINE=InnoDB DEFAULT CHARSET=utf8;

#
# Data for table "think_role_user"
#

INSERT INTO `think_role_user` VALUES (4,'27'),(4,'26'),(5,'31'),(3,'22'),(1,'4'),(1,'3'),(1,'35'),(1,'36'),(1,'54'),(2,'3'),(1,'53'),(7,'36'),(1,'2'),(2,'2'),(7,'2'),(1,'63'),(1,'64'),(2,'41'),(2,'68'),(1,'44'),(2,'44'),(7,'44'),(1,'67'),(2,'67'),(7,'67'),(1,'48'),(2,'48'),(7,'48'),(1,'42'),(2,'42'),(7,'42'),(1,'43'),(2,'43'),(7,'43'),(1,'49'),(2,'49'),(7,'49'),(1,'50'),(2,'50'),(7,'50'),(1,'51'),(2,'51'),(7,'51'),(1,'52'),(2,'52'),(7,'52'),(1,'55'),(2,'55'),(7,'55'),(1,'57'),(2,'57'),(7,'57'),(1,'58'),(2,'58'),(7,'58'),(1,'59'),(2,'59'),(7,'59'),(1,'60'),(2,'60'),(7,'60'),(1,'61'),(2,'61'),(7,'61'),(1,'56'),(2,'56'),(7,'56'),(1,'62'),(2,'62'),(7,'62'),(1,'1'),(2,'1'),(7,'1'),(1,'65'),(2,'65'),(7,'65'),(1,'66'),(2,'66'),(7,'66');

#
# Source for table "think_schedule"
#

DROP TABLE IF EXISTS `think_schedule`;
CREATE TABLE `think_schedule` (
  `id` int(11) NOT NULL AUTO_INCREMENT,
  `name` varchar(50) DEFAULT '',
  `content` text,
  `location` varchar(50) DEFAULT '',
  `priority` int(11) DEFAULT NULL,
  `actor` varchar(200) DEFAULT '',
  `user_id` int(11) DEFAULT '0',
  `start_time` datetime NOT NULL DEFAULT '0000-00-00 00:00:00',
  `end_time` datetime NOT NULL DEFAULT '0000-00-00 00:00:00',
  `add_file` varchar(200) DEFAULT '',
  `is_del` tinyint(3) DEFAULT '0',
  PRIMARY KEY (`id`)
) ENGINE=InnoDB AUTO_INCREMENT=100 DEFAULT CHARSET=utf8;

#
# Data for table "think_schedule"
#


#
# Source for table "think_sign"
#

DROP TABLE IF EXISTS `think_sign`;
CREATE TABLE `think_sign` (
  `id` int(11) NOT NULL AUTO_INCREMENT,
  `user_id` int(11) DEFAULT NULL,
  `emp_no` varchar(10) DEFAULT NULL,
  `create_time` int(11) DEFAULT NULL,
  `latitude` varchar(10) DEFAULT NULL,
  `longitude` varchar(10) DEFAULT NULL,
  `precision` varchar(10) DEFAULT NULL,
  `location` varchar(100) DEFAULT NULL,
  `type` varchar(10) DEFAULT NULL,
  `is_real_time` tinyint(3) DEFAULT NULL,
  `ip` varchar(15) DEFAULT NULL,
  `sign_date` datetime DEFAULT NULL,
  PRIMARY KEY (`id`)
) ENGINE=InnoDB AUTO_INCREMENT=30 DEFAULT CHARSET=utf8;

#
# Data for table "think_sign"
#


#
# Source for table "think_supplier"
#

DROP TABLE IF EXISTS `think_supplier`;
CREATE TABLE `think_supplier` (
  `id` int(6) NOT NULL AUTO_INCREMENT,
  `name` varchar(50) NOT NULL DEFAULT '',
  `letter` varchar(50) DEFAULT '',
  `short` varchar(30) DEFAULT '',
  `account` varchar(20) DEFAULT '',
  `tax_no` varchar(20) DEFAULT '',
  `payment` varchar(20) DEFAULT NULL,
  `contact` varchar(20) NOT NULL DEFAULT '',
  `office_tel` varchar(20) DEFAULT NULL,
  `mobile_tel` varchar(20) DEFAULT '',
  `email` varchar(50) DEFAULT '',
  `im` varchar(20) DEFAULT '',
  `address` varchar(50) DEFAULT '',
  `user_id` int(11) NOT NULL,
  `is_del` tinyint(3) NOT NULL DEFAULT '0',
  `remark` text,
  `fax` varchar(255) DEFAULT NULL,
  `user_name` varchar(21) DEFAULT NULL,
  PRIMARY KEY (`id`)
) ENGINE=InnoDB AUTO_INCREMENT=24 DEFAULT CHARSET=utf8;

#
# Data for table "think_supplier"
#


#
# Source for table "think_system_config"
#

DROP TABLE IF EXISTS `think_system_config`;
CREATE TABLE `think_system_config` (
  `id` int(11) NOT NULL AUTO_INCREMENT,
  `code` varchar(50) NOT NULL DEFAULT '',
  `name` varchar(50) NOT NULL DEFAULT '',
  `val` varchar(255) DEFAULT NULL,
  `is_del` tinyint(3) NOT NULL DEFAULT '0',
  `sort` varchar(20) DEFAULT NULL,
  `pid` int(11) DEFAULT '0',
  PRIMARY KEY (`id`),
  KEY `id` (`id`)
) ENGINE=InnoDB AUTO_INCREMENT=32 DEFAULT CHARSET=utf8;

#
# Data for table "think_system_config"
#

INSERT INTO `think_system_config` VALUES (1,'SYSTEM_NAME','系统名称','小微OA',0,'',0),(7,'UPLOAD_FILE_TYPE','上传文件类型','doc,docx,xls,xlsx,ppt,pptx,pdf,gif,png,tif,zip,rar,jpg,jpeg,txt',0,NULL,0),(8,'IS_VERIFY_CODE','验证码','0',0,'',0),(15,'FINANCE_INCOME_TYPE','办公费','办公费',0,'1',28),(16,'FINANCE_INCOME_TYPE','通讯费','通讯费',0,'2',28),(17,'FINANCE_PAYMENT_TYPE','办公费','办公费',0,'',29),(18,'FINANCE_PAYMENT_TYPE','通讯费','通讯费',0,'',29),(19,'WEIXIN_CORP_ID','WEIXIN_CORP_ID','wx4124a601419ba115',0,'',27),(20,'WEIXIN_SECRET','WEIXIN_SECRET','TlnidZYom5z8T-pE0y_O7IXm7dSPgPDtI3nQ7RyqLQePiyUXzWo8F-qum1n4i_QM',0,'',27),(21,'WEIXIN_TOKEN','WEIXIN_TOKEN','xiaowei',0,'',27),(22,'WEIXIN_ENCODING_AES_KEY','WEIXIN_ENCODING_AES_KEY','lsBzWprOjjdbkMatbg54wwMC2H9ZXmi1aEdDmUQ2nPq',0,'',27),(23,'WEIXIN_SITE_URL','WEIXIN_SITE_URL','http://xiaowei.smeoa.com',0,'',27),(24,'FINANCE_PAYMENT_TYPE','餐费','餐费',0,'',29),(25,'OA_AGENT_ID','OA_AGENT_ID','5',0,'',27),(26,'WEIXIN_SUBSCRIBE_MSG','WEIXIN_SUBSCRIBE_MSG','欢迎使用微信办公系统。',0,'',27),(27,'微信设置','微信设置','微信设置',0,'',0),(28,'记账-收入','记账-收入','记账-收入',0,'',0),(29,'记账-支出','记账-支出','记账-支出',0,'',0),(31,'WS_PUSH_CONFIG','WS_PUSH_CONFIG','消息',0,'',0);

#
# Source for table "think_system_folder"
#

DROP TABLE IF EXISTS `think_system_folder`;
CREATE TABLE `think_system_folder` (
  `id` int(3) NOT NULL AUTO_INCREMENT,
  `pid` int(11) NOT NULL,
  `controller` varchar(20) NOT NULL,
  `name` varchar(50) NOT NULL,
  `admin` varchar(200) NOT NULL,
  `write` varchar(200) NOT NULL,
  `read` varchar(200) NOT NULL,
  `sort` varchar(20) NOT NULL,
  `is_del` tinyint(3) NOT NULL DEFAULT '0',
  `remark` varchar(255) NOT NULL,
  PRIMARY KEY (`id`)
) ENGINE=InnoDB AUTO_INCREMENT=77 DEFAULT CHARSET=utf8;

#
# Data for table "think_system_folder"
#

INSERT INTO `think_system_folder` VALUES (68,0,'Doc','总务科','','','','',0,''),(69,0,'Doc','人事科','管理员/主管|admin;','管理员/主管|admin;','小微企业|dept_1;','',0,''),(70,68,'Doc','车辆管理','','总经办|dept_5;','','',0,''),(74,0,'Info','公告','小微企业|dept_1;','','','',0,''),(75,0,'Info','通知','小微企业|dept_1;','','','',0,''),(76,0,'Form','登记表','小微企业|dept_1;','','','',0,'');

#
# Source for table "think_system_log"
#

DROP TABLE IF EXISTS `think_system_log`;
CREATE TABLE `think_system_log` (
  `id` int(11) NOT NULL AUTO_INCREMENT,
  `type` tinyint(3) DEFAULT NULL,
  `time` int(11) DEFAULT NULL,
  `data` float DEFAULT NULL,
  `text` text,
  PRIMARY KEY (`id`)
) ENGINE=InnoDB AUTO_INCREMENT=37 DEFAULT CHARSET=utf8;

#
# Data for table "think_system_log"
#

INSERT INTO `think_system_log` VALUES (17,1,1433756245,66,NULL),(18,2,1433756245,45,NULL),(19,1,1433756245,66,NULL),(20,2,1433756245,45,NULL),(21,1,1433756246,66,NULL),(22,2,1433756246,45,NULL),(23,1,1433756246,66,NULL),(24,2,1433756246,45,NULL),(25,1,1433756246,66,NULL),(26,2,1433756246,45,NULL),(27,1,1433756247,66,NULL),(28,2,1433756247,45,NULL),(29,1,1433756255,66,NULL),(30,2,1433756255,45,NULL),(31,1,1433756255,66,NULL),(32,2,1433756255,45,NULL),(33,1,1433756255,66,NULL),(34,2,1433756255,45,NULL),(35,1,1433756256,66,NULL),(36,2,1433756256,45,NULL),(37,1,1433756271,66,NULL),(38,2,1433756271,45.0893,NULL),(39,1,1433756272,66,NULL),(40,2,1433756272,45.0893,NULL),(41,1,1433756272,66,NULL),(42,2,1433756272,45.0893,NULL),(43,1,1433756272,66,NULL),(44,2,1433756272,45.0893,NULL),(45,1,1433756277,66,NULL),(46,2,1433756277,45.0893,NULL),(47,1,1433756277,66,NULL),(48,2,1433756277,45.0893,NULL),(49,1,1433756278,66,NULL),(50,2,1433756278,45.0893,NULL),(51,1,1433756278,66,NULL),(52,2,1433756278,45.0893,NULL),(53,1,1433756292,66,NULL),(54,2,1433756292,45.0893,NULL),(55,1,1433756293,66,NULL),(56,2,1433756293,45.0893,NULL),(57,1,1433756293,66,NULL),(58,2,1433756293,45.0893,NULL),(59,1,1433756293,66,NULL),(60,2,1433756293,45.0893,NULL),(61,1,1433756295,66,NULL),(62,2,1433756295,45.0893,NULL),(63,1,1433756295,66,NULL),(64,2,1433756295,45.0893,NULL),(65,1,1433756296,66,NULL),(66,2,1433756296,45.0893,NULL),(67,1,1433756296,66,NULL),(68,2,1433756296,45.0893,NULL),(69,1,1433756297,66,NULL),(70,2,1433756297,45.0893,NULL),(71,1,1433756298,66,NULL),(72,2,1433756298,45.0893,NULL),(73,1,1433756298,66,NULL),(74,2,1433756298,45.0893,NULL),(75,1,1433756298,66,NULL),(76,2,1433756298,45.0893,NULL);

#
# Source for table "think_system_tag"
#

DROP TABLE IF EXISTS `think_system_tag`;
CREATE TABLE `think_system_tag` (
  `id` int(11) NOT NULL AUTO_INCREMENT,
  `pid` int(11) NOT NULL DEFAULT '0',
  `controller` varchar(20) NOT NULL,
  `name` varchar(50) NOT NULL,
  `sort` varchar(20) NOT NULL,
  `remark` varchar(255) NOT NULL,
  PRIMARY KEY (`id`)
) ENGINE=InnoDB AUTO_INCREMENT=81 DEFAULT CHARSET=utf8;

#
# Data for table "think_system_tag"
#

INSERT INTO `think_system_tag` VALUES (58,0,'Supplier','123','',''),(59,0,'Doc','123123','123123',''),(60,0,'Doc','123123','',''),(61,0,'Doc','abc','',''),(65,0,'Customer','22222','',''),(66,0,'Flow','人事','',''),(67,0,'Flow','IT','',''),(68,0,'Flow','公告','',''),(69,0,'FlowType','人事','1',''),(70,0,'FlowType','行政','2',''),(71,0,'FlowType','采购','3',''),(72,0,'FlowType','出差','4',''),(80,0,'FlowType','车辆管理','5','');

#
# Source for table "think_system_tag_data"
#

DROP TABLE IF EXISTS `think_system_tag_data`;
CREATE TABLE `think_system_tag_data` (
  `row_id` int(11) NOT NULL DEFAULT '0',
  `tag_id` int(11) NOT NULL DEFAULT '0',
  `controller` varchar(20) NOT NULL DEFAULT '',
  KEY `row_id` (`row_id`)
) ENGINE=InnoDB DEFAULT CHARSET=utf8;

#
# Data for table "think_system_tag_data"
#

INSERT INTO `think_system_tag_data` VALUES (18,58,'Supplier'),(29,14,'Video'),(29,46,'Video'),(30,46,'Video'),(30,47,'Video'),(30,56,'Video'),(64,59,'Doc'),(64,60,'Doc'),(64,61,'Doc'),(65,61,'Doc'),(33,14,'Video'),(17,66,'Flow'),(18,66,'Flow'),(19,66,'Flow'),(20,66,'Flow'),(21,66,'Flow'),(22,66,'Flow'),(23,66,'Flow'),(17,66,'Flow'),(18,66,'Flow'),(19,66,'Flow'),(20,66,'Flow'),(21,66,'Flow'),(22,66,'Flow'),(23,66,'Flow'),(17,70,'FlowType'),(23,72,'FlowType'),(22,72,'FlowType'),(21,72,'FlowType'),(20,72,'FlowType'),(24,70,'FlowType'),(32,65,'Customer'),(18,71,'FlowType'),(19,71,'FlowType'),(33,71,'FlowType'),(34,71,'FlowType'),(35,71,'FlowType'),(36,71,'FlowType'),(42,70,'FlowType'),(46,70,'FlowType'),(47,70,'FlowType'),(48,70,'FlowType'),(49,70,'FlowType'),(50,70,'FlowType');

#
# Source for table "think_task"
#

DROP TABLE IF EXISTS `think_task`;
CREATE TABLE `think_task` (
  `id` int(8) unsigned NOT NULL AUTO_INCREMENT,
  `task_no` varchar(20) DEFAULT NULL,
  `pid` int(11) DEFAULT NULL,
  `name` varchar(128) NOT NULL DEFAULT '' COMMENT '标题',
  `content` text COMMENT '内容',
  `executor` varchar(200) DEFAULT NULL,
  `add_file` varchar(255) DEFAULT NULL,
  `expected_time` datetime DEFAULT NULL,
  `user_id` int(11) unsigned DEFAULT '0',
  `user_name` varchar(20) DEFAULT NULL,
  `dept_id` int(11) DEFAULT NULL,
  `dept_name` varchar(20) DEFAULT NULL,
  `create_time` int(11) DEFAULT NULL,
  `update_time` int(11) DEFAULT NULL,
  `update_user_id` int(11) DEFAULT NULL,
  `update_user_name` varchar(20) DEFAULT NULL,
  `status` tinyint(3) DEFAULT '0',
  `is_del` tinyint(3) DEFAULT NULL,
  PRIMARY KEY (`id`)
) ENGINE=InnoDB AUTO_INCREMENT=13 DEFAULT CHARSET=utf8;

#
# Data for table "think_task"
#


#
# Source for table "think_task_log"
#

DROP TABLE IF EXISTS `think_task_log`;
CREATE TABLE `think_task_log` (
  `id` int(11) NOT NULL AUTO_INCREMENT,
  `task_id` int(11) DEFAULT NULL,
  `type` tinyint(3) DEFAULT NULL,
  `assigner` int(11) DEFAULT NULL COMMENT '分配任务的人',
  `executor` varchar(20) DEFAULT NULL COMMENT '执行人',
  `executor_name` varchar(20) DEFAULT NULL,
  `status` tinyint(3) DEFAULT '0',
  `plan_time` datetime DEFAULT NULL,
  `transactor_name` varchar(20) DEFAULT NULL,
  `transactor` int(11) DEFAULT NULL COMMENT '由谁处理的',
  `finish_rate` tinyint(3) DEFAULT NULL,
  `finish_time` datetime DEFAULT NULL,
  `feed_back` text,
  PRIMARY KEY (`id`)
) ENGINE=InnoDB AUTO_INCREMENT=11 DEFAULT CHARSET=utf8;

#
# Data for table "think_task_log"
#


#
# Source for table "think_todo"
#

DROP TABLE IF EXISTS `think_todo`;
CREATE TABLE `think_todo` (
  `id` int(11) NOT NULL AUTO_INCREMENT,
  `name` varchar(50) NOT NULL,
  `content` text NOT NULL,
  `user_id` int(11) NOT NULL,
  `end_date` varchar(10) DEFAULT NULL,
  `priority` int(11) NOT NULL,
  `add_file` varchar(200) NOT NULL,
  `status` tinyint(3) NOT NULL DEFAULT '0',
  `sort` int(11) DEFAULT NULL,
  PRIMARY KEY (`id`)
) ENGINE=InnoDB AUTO_INCREMENT=25 DEFAULT CHARSET=utf8;

#
# Data for table "think_todo"
#


#
# Source for table "think_udf_field"
#

DROP TABLE IF EXISTS `think_udf_field`;
CREATE TABLE `think_udf_field` (
  `id` int(11) NOT NULL AUTO_INCREMENT,
  `name` varchar(50) NOT NULL DEFAULT '',
  `row_type` int(11) NOT NULL,
  `sort` varchar(20) NOT NULL,
  `msg` varchar(50) DEFAULT NULL,
  `type` varchar(255) DEFAULT NULL,
  `layout` varchar(255) DEFAULT NULL,
  `data` varchar(255) DEFAULT NULL,
  `validate` varchar(20) DEFAULT NULL,
  `controller` varchar(20) DEFAULT NULL,
  `is_del` tinyint(3) DEFAULT '0',
  `config` varchar(200) DEFAULT NULL,
  PRIMARY KEY (`id`)
) ENGINE=InnoDB AUTO_INCREMENT=211 DEFAULT CHARSET=utf8;

#
# Data for table "think_udf_field"
#

INSERT INTO `think_udf_field` VALUES (56,'A11',1,'','','text','3','','','Flow',0,NULL),(57,'A2',1,'','','select','4','','','Flow',0,NULL),(58,'呵 3 ',1,'','','select','1','','','Flow',0,NULL),(59,'姓名',33,'','','text','1','','','Flow',0,''),(60,'申请日期',33,'','','date','1','','','Flow',0,''),(61,'所属部门',33,'','','text','1','','','Flow',0,''),(62,'所属科室',33,'','','text','1','','','Flow',0,''),(64,'B1',76,'','','text','1','','','Flow',0,NULL),(65,'B2',76,'','','text','1','','','Flow',0,NULL),(66,'职别',76,'','','text','1','','','Form',0,'show|col-10'),(67,'姓名',76,'','','date','1','','','Form',0,'show|col-10'),(68,'最高学历',76,'','','radio','2','1111|2222,,33333|.444444','','Form',0,''),(69,'姓名',34,'','请填写姓名','datetime','1','','require','Flow',0,''),(71,'申请日期',34,'','请填写联系电话','text','1','','require','Flow',0,''),(72,'请假开始时间',34,'','请选择开始时间','datetime','1','','require','Flow',0,''),(73,'请假结束时间',34,'','请选择束时间','datetime','1','','require','Flow',0,''),(74,'请假原因',34,'','请填写请假原因','textarea','2','','require','Flow',0,''),(76,'姓名',38,'','','text','1','','','Flow',0,''),(77,'申请日期',38,'','','date','1','','','Flow',0,''),(78,'所属部门',38,'','','text','1','','','Flow',0,''),(79,'所属科室',38,'','','text','1','','','Flow',0,''),(80,'姓名',36,'','','text','1','','','Flow',0,''),(82,'申请日期',36,'','','date','1','','','Flow',0,''),(83,'所属部门、科室',36,'','','text','1','','','Flow',0,''),(85,'姓名',44,'','','text','1','','','Flow',0,''),(86,'部门/科室',44,'','','text','1','','','Flow',0,''),(87,'离职申请日期',44,'','','date','2','','','Flow',0,''),(88,'离职理由',44,'','','editor','2','','','Flow',0,''),(89,'培训申请人',54,'1','','text','1','','','Flow',0,''),(90,'部门/科室',54,'2','','text','1','','','Flow',0,''),(91,'培训地点',54,'3','','text','1','','','Flow',0,''),(92,'培训开始时间',54,'4','','datetime','1','','','Flow',0,''),(93,'培训目的',54,'6','','editor','2','','','Flow',0,''),(94,'培训内容',54,'7','','editor','2','','','Flow',0,''),(95,'姓名',41,'1','','text','1','','','Flow',0,''),(96,'部门/科室',41,'2','','text','1','','','Flow',0,''),(97,'出差地点',41,'3','','text','1','','','Flow',0,''),(98,'出差开始时间',41,'5','','datetime','1','','','Flow',0,''),(99,'预计费用',41,'4','','text','1','','','Flow',0,''),(100,'出差事由/目的',41,'7','','editor','2','','','Flow',0,''),(103,'姓名',40,'','','text','1','','','Flow',0,''),(104,'部门/科室',40,'','','text','1','','','Flow',0,''),(105,'请假开始时间',40,'','','datetime','1','','','Flow',0,''),(106,'请假结束时间',40,'','','datetime','1','','','Flow',0,''),(107,'请假事由',40,'','','editor','2','','','Flow',0,''),(108,'培训结束时间',54,'5','','datetime','2','','','Flow',0,''),(109,'出差结束时间',41,'6','','datetime','1','','','Flow',0,''),(110,'申请人',43,'','','text','1','','','Flow',0,''),(112,'部门/科室',43,'2','','text','1','','','Flow',0,''),(114,'用途',43,'3','','editor','2','','','Flow',0,''),(115,'申请人',55,'1','','text','1','','','Flow',0,''),(116,'部门/科室',55,'2','','text','1','','','Flow',0,''),(117,'预算依据',55,'4','','editor','2','','','Flow',0,''),(118,'预算用途',55,'3','','editor','2','','','Flow',0,''),(119,'预算明细请参考附件',55,'5','','text','2','','','Flow',0,''),(120,'申请人',45,'1','','text','1','','','Flow',0,''),(121,'部门/科室',45,'2','','text','1','','','Flow',0,''),(122,'出差地点',45,'4','','text','1','','','Flow',0,''),(123,'出差开始时间',45,'5','','datetime','1','','','Flow',0,''),(124,'出差结束时间',45,'6','','datetime','1','','','Flow',0,''),(125,'住宿费用',45,'7','','text','1','','','Flow',0,''),(126,'交通费用',45,'8','','text','1','','','Flow',0,''),(127,'餐费',45,'9','','text','1','','','Flow',0,''),(128,'补贴',45,'91','','text','1','','','Flow',0,''),(129,'申请人',19,'1','','text','1','','','Flow',0,''),(130,'部门/科室',19,'2','','text','1','','','Flow',0,''),(131,'招待地点',19,'4','','text','1','','','Flow',0,''),(132,'招待时间',19,'5','','datetime','1','','','Flow',0,''),(133,'招待费用',19,'7','','text','2','','','Flow',0,''),(134,'招待目的',19,'8','','editor','2','','','Flow',0,''),(135,'招待对象',19,'3','','text','1','','','Flow',0,''),(136,'参加人员',19,'6','','text','1','','','Flow',0,''),(137,'出差目的',45,'3','','text','1','','','Flow',0,''),(138,'申请人',53,'1','','text','1','','','Flow',0,''),(139,'部门/科室',53,'2','','text','1','','','Flow',0,''),(140,'辅设备名',53,'3','','text','1','','','Flow',0,''),(141,'数量',53,'4','','text','1','','','Flow',0,''),(142,'型号规格',53,'5','','text','1','','','Flow',0,''),(143,'预计费用',53,'6','','text','1','','','Flow',0,''),(144,'申请理由',53,'7','','editor','2','','','Flow',0,''),(145,'申请人',51,'1','','text','1','','','Flow',0,''),(146,'部门/科室',51,'2','','text','1','','','Flow',0,''),(147,'设备名称',51,'3','','text','1','','','Flow',0,''),(148,'数量',51,'4','','text','1','','','Flow',0,''),(149,'型号规格',51,'5','','text','1','','','Flow',0,''),(150,'预计费用',51,'6','','text','1','','','Flow',0,''),(151,'申请理由',51,'7','','editor','2','','','Flow',0,''),(152,'申请人',52,'1','','text','1','','','Flow',0,''),(153,'部门/科室',52,'2','','text','1','','','Flow',0,''),(154,'辅材名称',52,'3','','text','1','','','Flow',0,''),(155,'数量',52,'4','','text','1','','','Flow',0,''),(156,'型号规格',52,'5','','text','1','','','Flow',0,''),(157,'预计费用',52,'6','','text','1','','','Flow',0,''),(158,'申请理由',52,'7','','editor','2','','','Flow',0,''),(159,'申请人',39,'1','','text','1','','','Flow',0,''),(160,'部门/科室',39,'2','','text','1','','','Flow',0,''),(161,'原材料名称',39,'3','','text','1','','','Flow',0,''),(162,'数量',39,'4','','text','1','','','Flow',0,''),(163,'型号规格',39,'5','','text','1','','','Flow',0,''),(164,'预计费用',39,'6','','text','1','','','Flow',0,''),(165,'申请理由',39,'7','','editor','2','','','Flow',0,''),(166,'申请人',50,'1','','text','1','','','Flow',0,''),(167,'部门/科室',50,'2','','text','1','','','Flow',0,''),(168,'申请时间',50,'3','','datetime','1','','','Flow',0,''),(169,'出差地点',50,'4','','text','1','','','Flow',0,''),(170,'出差事由',50,'9','','editor','2','','','Flow',0,''),(171,'去程',50,'6','','text','1','','','Flow',0,''),(172,'回程',50,'7','','text','1','','','Flow',0,''),(173,'出差开始时间',50,'51','','datetime','1','','','Flow',0,''),(176,'出差结束时间',50,'52','','datetime','1','','','Flow',0,''),(177,'申请人',49,'1','','text','1','','','Flow',0,''),(178,'部门/科室',49,'2','','text','1','','','Flow',0,''),(179,'目的/用途',49,'3','','text','1','','','Flow',0,''),(180,'使用开始时间',49,'4','','datetime','1','','','Flow',0,''),(181,'使用结束时间',49,'5','','datetime','1','','','Flow',0,''),(182,'申请时间',49,'21','','datetime','1','','','Flow',0,''),(183,'参会人',49,'6','','text','2','','','Flow',0,''),(184,'申请人',42,'1','','text','1','','','Flow',0,''),(185,'部门/科室',42,'2','','text','1','','','Flow',0,''),(186,'申请理由',42,'3','','text','1','','','Flow',0,''),(187,'办公用品名称以及数量',42,'4','','editor','2','','','Flow',0,''),(189,'申请时间',42,'21','','text','1','','','Flow',0,''),(190,'申请人',46,'1','','text','1','','','Flow',0,''),(191,'部门/科室',46,'2','','text','1','','','Flow',0,''),(192,'申请时间',46,'3','','datetime','1','','','Flow',0,''),(193,'申请事由',46,'5','','text','2','','','Flow',0,''),(194,'通讯报销金额',46,'4','','text','1','','','Flow',0,''),(195,'申请人',47,'1','','text','1','','','Flow',0,''),(196,'部门/科室',47,'2','','text','1','','','Flow',0,''),(197,'申请日期',47,'3','','datetime','1','','','Flow',0,''),(199,'出差开始时间',47,'4','','datetime','1','','','Flow',0,''),(200,'出差结束时间',47,'5','','datetime','1','','','Flow',0,''),(201,'出差事由',47,'31','','text','1','','','Flow',0,''),(202,'实际使用费用',47,'6','','text','1','','','Flow',0,''),(203,'标准费用',47,'7','','text','1','','','Flow',0,''),(204,'交通费用明细',47,'8','','editor','2','','','Flow',0,''),(205,'申请人',48,'1','','text','1','','','Flow',0,''),(206,'部门/科室',48,'2','','text','1','','','Flow',0,''),(207,'申请时间',48,'3','','datetime','1','','','Flow',0,''),(208,'实际费用',48,'4','','text','1','','','Flow',0,''),(209,'参加人员',48,'5','','text','2','','','Flow',0,''),(210,'申请事由',48,'41','','text','2','','','Flow',0,'');

#
# Source for table "think_user"
#

DROP TABLE IF EXISTS `think_user`;
CREATE TABLE `think_user` (
  `id` int(11) unsigned NOT NULL AUTO_INCREMENT,
  `emp_no` varchar(20) NOT NULL DEFAULT '',
  `name` varchar(20) NOT NULL,
  `letter` varchar(10) NOT NULL DEFAULT '',
  `password` char(32) NOT NULL,
  `dept_id` int(11) NOT NULL,
  `position_id` int(11) NOT NULL,
  `rank_id` int(11) NOT NULL,
  `sex` varchar(50) NOT NULL,
  `birthday` date DEFAULT NULL,
  `last_login_ip` varchar(40) DEFAULT NULL,
  `login_count` int(8) DEFAULT NULL,
  `pic` varchar(200) DEFAULT NULL,
  `email` varchar(50) NOT NULL,
  `duty` varchar(2000) NOT NULL,
  `office_tel` varchar(20) NOT NULL,
  `mobile_tel` varchar(20) NOT NULL,
  `create_time` int(11) unsigned NOT NULL,
  `update_time` int(11) unsigned NOT NULL,
  `is_del` tinyint(3) NOT NULL DEFAULT '0',
  `openid` varchar(50) DEFAULT NULL,
  `westatus` tinyint(3) DEFAULT '0',
  PRIMARY KEY (`id`),
  UNIQUE KEY `account` (`emp_no`)
) ENGINE=InnoDB AUTO_INCREMENT=83 DEFAULT CHARSET=utf8;

#
# Data for table "think_user"
#

INSERT INTO `think_user` VALUES (1,'admin','管理员','GLY','21232f297a57a5a743894a0e4a801fc3',1,1,2,'male','2013-09-18','127.0.0.1',3020,'Uploads/emp_pic/1.jpeg','smeoa@qq.com','1231254123123','5086-2222-2222','12123123',1222907803,1431500668,0,'',1),(41,'2002','总监2002','ZJ','4ba29b9f9e5732ed33761840f4ba6c53',6,3,1,'male','2013-10-30','0.0.0.0',NULL,'','','行政，财务','','',1376896154,1407565312,1,NULL,1),(42,'2001','总监2001','ZJ','d0fb963ff976f9c37fc81fe03c21ea7b',8,3,1,'male','2013-10-10','127.0.0.1',NULL,'emp_pic/42.jpeg','','开发','123','12312312',1380970837,1401287019,0,'12312541231251243123',1),(43,'2003','总监2003','ZJ','a591024321c5e2bdbd23ed35f0574dde',7,3,1,'male','0000-00-00','127.0.0.1',NULL,'Uploads/emp_pic/43.jpeg','','销售','','',1381035116,1432107034,0,NULL,1),(44,'1001','总经理1001','ZJL','b8c37e33defde51cf91e1e03e51657da',1,5,5,'male','0000-00-00','127.0.0.1',NULL,'http://img.smeoa.com/popup/2015-04/552a1c4ba8627.jpg','','全面管理','','18560630025',1381502796,1432260033,0,'',1),(48,'1003','副总1003','FZ','aa68c75c4a77c87f97fb686b2f068676',6,4,1,'female','0000-00-00','192.168.1.106',NULL,'','','销售，运营','','',1381503490,1401286413,0,NULL,1),(49,'3001','经理3001','JL','908c9a564a86426585b29f5335b619bc',24,2,2,'male','2013-10-10','127.0.0.1',NULL,'','','财务','123','12312312',1391694170,1401287097,0,NULL,1),(50,'3002','经理3002','JL','d806ca13ca3449af72a1ea5aedbed26a',23,2,2,'male','2013-10-10','192.168.1.110',NULL,'','','人事','123','12312312',1391694193,1401287121,0,NULL,NULL),(51,'3003','经理3003','JL','a4380923dd651c195b1631af7c829187',25,2,2,'male','2013-10-10','192.168.1.106',NULL,'','','销售-南方区域','123','12312312',1391694198,1401287147,0,NULL,NULL),(52,'3004','经理3004','JL','20479c788fb27378c2c99eadcf207e7f',26,2,2,'male','2013-10-10',NULL,NULL,'','','新产品研发','123','12312312',1391694202,1401287170,0,NULL,NULL),(55,'5001','员工5001','YG','03b264c595403666634ac75d828439bc',24,1,3,'male','2013-10-10','192.168.1.106',NULL,'','','会计','123','12312312',1391694320,1401287296,0,NULL,NULL),(56,'5007','员工5007','YG','351869bde8b9d6ad1e3090bd173f600d',26,1,3,'male','2013-10-10','127.0.0.1',NULL,'','','程序员3','123','12312312',1391694335,1401287430,0,NULL,NULL),(57,'5002','员工5002','YG','415585bd389b69659223807d77a96791',24,1,3,'male','2013-10-10','192.168.1.106',NULL,'','','出纳','123','12312312',1391694413,1401287322,0,NULL,NULL),(58,'5003','员工5003','YG','240ac9371ec2671ae99847c3ae2e6384',23,1,3,'male','2013-10-10','127.0.0.1',NULL,'','','招聘，薪资管理','123','12312312',1391694420,1401287339,0,NULL,NULL),(59,'5004','员工5004','YG','3202111cf90e7c816a472aaceb72b0df',23,1,3,'male','2013-10-10','127.0.0.1',NULL,'','','负责公司日常采购','123','12312312',1391694427,1401287371,0,NULL,NULL),(60,'5005','员工5005','YG','1d6408264d31d453d556c60fe7d0459e',25,1,3,'male','2013-10-10','127.0.0.1',NULL,'','','程序员1','123','12312312',1391694435,1401287390,0,NULL,NULL),(61,'5006','员工5006','YG','2c27a260f16ad3098393cc529f391f4a',25,1,3,'male','2013-10-10','127.0.0.1',NULL,'','','程序员2','123','12312312',1391694478,1401287410,0,NULL,NULL),(62,'5008','员工5008','YG','b3848d61bbbc6207c6668a8a9e2730ed',26,1,3,'male','2013-10-10','127.0.0.1',NULL,'','','网站编辑，SEO','123','12312312',1391694489,1401287450,0,NULL,NULL);

#
# Source for table "think_user_config"
#

DROP TABLE IF EXISTS `think_user_config`;
CREATE TABLE `think_user_config` (
  `id` int(11) NOT NULL DEFAULT '0',
  `home_sort` varchar(255) DEFAULT NULL,
  `list_rows` int(11) DEFAULT '20',
  `readed_info` text,
  `push_web` varchar(255) DEFAULT NULL,
  `push_wechat` varchar(255) DEFAULT NULL,
  PRIMARY KEY (`id`)
) ENGINE=InnoDB DEFAULT CHARSET=utf8;

#
# Data for table "think_user_config"
#

INSERT INTO `think_user_config` VALUES (1,'undefined11,12,|21,22,',10,'129,131,134,137,138','mail,flow,message','mail,flow,message'),(42,'undefined,11,12,|undefined,21,13,',20,'131',NULL,NULL),(43,'undefined,11,12,|undefined,21,13,',20,NULL,NULL,NULL),(44,'undefined12,11,|21,22,',20,NULL,NULL,NULL),(48,NULL,20,'135,136,137,138',NULL,NULL),(49,'undefined,11,12,|13,undefined,21,',20,'130,132',NULL,NULL),(50,NULL,20,'130',NULL,NULL),(51,NULL,20,'54,55,56',NULL,NULL),(52,NULL,20,'54,55,56',NULL,NULL),(53,NULL,20,'54,55,56',NULL,NULL),(54,NULL,20,'54,55,56',NULL,NULL),(55,NULL,20,'130',NULL,NULL),(56,NULL,20,'54,55,56',NULL,NULL),(57,NULL,20,'130',NULL,NULL),(58,NULL,20,'54,55,56',NULL,NULL),(59,NULL,20,'54,55,56',NULL,NULL),(60,'undefined,22,13,23,|undefined,12,21,11,',20,'54,55,56',NULL,NULL),(61,NULL,20,'54,55,56',NULL,NULL),(62,NULL,20,'54,55,56',NULL,NULL),(63,NULL,20,'54,55,56',NULL,NULL),(64,NULL,20,'54,55,56',NULL,NULL),(65,NULL,20,'54,55,56',NULL,NULL),(66,'11,12,13,|21,22,23,',20,'54,55,56',NULL,NULL),(67,NULL,20,'54,55,56',NULL,NULL),(68,'undefined,11,13,|undefined,21,12,',20,'54,55,56',NULL,NULL);

#
# Source for table "think_user_folder"
#

DROP TABLE IF EXISTS `think_user_folder`;
CREATE TABLE `think_user_folder` (
  `id` int(3) NOT NULL AUTO_INCREMENT,
  `pid` int(11) NOT NULL,
  `controller` varchar(20) NOT NULL,
  `user_id` int(11) NOT NULL,
  `name` varchar(50) NOT NULL,
  `sort` varchar(20) NOT NULL,
  `is_del` tinyint(3) NOT NULL DEFAULT '0',
  `remark` varchar(255) NOT NULL,
  PRIMARY KEY (`id`)
) ENGINE=InnoDB AUTO_INCREMENT=38 DEFAULT CHARSET=utf8;

#
# Data for table "think_user_folder"
#


#
# Source for table "think_user_tag"
#

DROP TABLE IF EXISTS `think_user_tag`;
CREATE TABLE `think_user_tag` (
  `id` int(11) NOT NULL AUTO_INCREMENT,
  `pid` int(11) NOT NULL DEFAULT '0',
  `controller` varchar(20) NOT NULL,
  `user_id` int(11) NOT NULL,
  `name` varchar(50) NOT NULL,
  `sort` varchar(20) NOT NULL,
  `remark` varchar(255) NOT NULL,
  PRIMARY KEY (`id`)
) ENGINE=InnoDB AUTO_INCREMENT=22 DEFAULT CHARSET=utf8;

#
# Data for table "think_user_tag"
#

INSERT INTO `think_user_tag` VALUES (21,0,'Contact',1,'123','','');

#
# Source for table "think_user_tag_data"
#

DROP TABLE IF EXISTS `think_user_tag_data`;
CREATE TABLE `think_user_tag_data` (
  `row_id` int(11) NOT NULL DEFAULT '0',
  `tag_id` int(11) NOT NULL DEFAULT '0',
  `controller` varchar(20) NOT NULL DEFAULT '',
  KEY `row_id` (`row_id`)
) ENGINE=InnoDB DEFAULT CHARSET=utf8;

#
# Data for table "think_user_tag_data"
#


#
# Source for table "think_work_log"
#

DROP TABLE IF EXISTS `think_work_log`;
CREATE TABLE `think_work_log` (
  `id` int(11) NOT NULL AUTO_INCREMENT,
  `user_id` int(11) NOT NULL DEFAULT '0',
  `user_name` varchar(20) DEFAULT NULL,
  `dept_id` int(11) DEFAULT NULL,
  `dept_name` varchar(20) DEFAULT NULL,
  `create_time` int(11) DEFAULT NULL,
  `content` text,
  `plan` text,
  `start_date` date DEFAULT NULL,
  `end_date` date DEFAULT NULL,
  `is_del` tinyint(3) NOT NULL DEFAULT '0',
  `add_file` varchar(255) DEFAULT NULL,
  PRIMARY KEY (`id`)
) ENGINE=InnoDB AUTO_INCREMENT=6 DEFAULT CHARSET=utf8;

#
# Data for table "think_work_log"
#


#
# Source for table "think_work_order"
#

DROP TABLE IF EXISTS `think_work_order`;
CREATE TABLE `think_work_order` (
  `id` int(8) unsigned NOT NULL AUTO_INCREMENT,
  `task_no` varchar(20) DEFAULT NULL,
  `pid` int(11) DEFAULT NULL,
  `name` varchar(128) NOT NULL DEFAULT '' COMMENT '标题',
  `content` text COMMENT '内容',
  `executor` varchar(200) DEFAULT NULL,
  `actor` varchar(200) DEFAULT '',
  `add_file` varchar(255) DEFAULT NULL,
  `request_arrive_time` datetime DEFAULT NULL,
  `request_finish_time` datetime DEFAULT NULL,
  `user_id` int(11) unsigned DEFAULT '0',
  `user_name` varchar(20) DEFAULT NULL,
  `dept_id` int(11) DEFAULT NULL,
  `dept_name` varchar(20) DEFAULT NULL,
  `create_time` int(11) DEFAULT NULL,
  `update_time` int(11) DEFAULT NULL,
  `update_user_id` int(11) DEFAULT NULL,
  `update_user_name` varchar(20) DEFAULT NULL,
  `status` tinyint(3) DEFAULT '0',
  `is_del` tinyint(3) DEFAULT '0',
  `other` varchar(20) DEFAULT NULL,
  `arrive_time` int(11) DEFAULT NULL,
  `finish_time` int(11) DEFAULT NULL,
  `arrive_lat` varchar(10) DEFAULT NULL,
  `arrive_lng` varchar(10) DEFAULT NULL,
  `finish_lat` varchar(10) DEFAULT NULL,
  `finish_lng` varchar(10) DEFAULT NULL,
  PRIMARY KEY (`id`)
) ENGINE=InnoDB AUTO_INCREMENT=227 DEFAULT CHARSET=utf8;

#
# Data for table "think_work_order"
#


#
# Source for table "think_work_order_log"
#

DROP TABLE IF EXISTS `think_work_order_log`;
CREATE TABLE `think_work_order_log` (
  `id` int(11) NOT NULL AUTO_INCREMENT,
  `task_id` int(11) DEFAULT NULL,
  `type` tinyint(3) DEFAULT NULL,
  `assigner` int(11) DEFAULT NULL COMMENT '分配任务的人',
  `executor` varchar(20) DEFAULT NULL COMMENT '执行人',
  `executor_name` varchar(20) DEFAULT NULL,
  `status` tinyint(3) DEFAULT '0',
  `arrive_time` int(11) DEFAULT NULL,
  `transactor_name` varchar(20) DEFAULT NULL,
  `transactor` int(11) DEFAULT NULL COMMENT '由谁处理的',
  `finish_rate` tinyint(3) DEFAULT NULL,
  `finish_time` int(11) DEFAULT NULL,
  `feed_back` text,
  `arrive_lat` varchar(10) DEFAULT NULL,
  `arrive_lng` varchar(10) DEFAULT NULL,
  `finish_lat` varchar(10) DEFAULT NULL,
  `finish_lng` varchar(10) DEFAULT NULL,
  PRIMARY KEY (`id`)
) ENGINE=InnoDB AUTO_INCREMENT=229 DEFAULT CHARSET=utf8;

#
# Data for table "think_work_order_log"
#


/*!40014 SET FOREIGN_KEY_CHECKS=@OLD_FOREIGN_KEY_CHECKS */;
/*!40014 SET UNIQUE_CHECKS=@OLD_UNIQUE_CHECKS */;
/*!40111 SET SQL_NOTES=@OLD_SQL_NOTES */;
/*!40101 SET SQL_MODE=@OLD_SQL_MODE */;
/*!40101 SET CHARACTER_SET_CLIENT=@OLD_CHARACTER_SET_CLIENT */;
/*!40101 SET CHARACTER_SET_RESULTS=@OLD_CHARACTER_SET_RESULTS */;
/*!40101 SET COLLATION_CONNECTION=@OLD_COLLATION_CONNECTION */;
